[INFO] [1791399811.720928037] [go2_follow_mppi.controller_server]: 
	controller_server lifecycle node launched. 
	Waiting on external lifecycle transitions to activate
	See https://design.ros2.org/articles/node_lifecycle.html for more information.
[INFO] [1791399811.725766143] [go2_follow_mppi.controller_server]: Creating controller server
[INFO] [1791399811.730149787] [go2_follow_mppi.local_costmap.local_costmap]: 
	local_costmap lifecycle node launched. 
	Waiting on external lifecycle transitions to activate
	See https://design.ros2.org/articles/node_lifecycle.html for more information.
[INFO] [1791399811.730758402] [go2_follow_mppi.local_costmap.local_costmap]: Creating Costmap
[INFO] [1791399812.071060784] [go2_follow_mppi.controller_server]: Configuring controller interface
[INFO] [1791399812.071151994] [go2_follow_mppi.controller_server]: getting goal checker plugins..
[INFO] [1791399812.071168286] [go2_follow_mppi.controller_server]: Controller frequency set to 30.0000Hz
[INFO] [1791399812.071192307] [go2_follow_mppi.local_costmap.local_costmap]: Configuring
[INFO] [1791399812.073582080] [go2_follow_mppi.local_costmap.local_costmap]: Using plugin "geometry"
[INFO] [1791399812.076074225] [go2_follow_mppi.local_costmap.local_costmap]: Subscribing to the map topic (/follow_demo/local_geometry) with transient local durability
[INFO] [1791399812.076634625] [go2_follow_mppi.local_costmap.local_costmap]: Initialized plugin "geometry"
[INFO] [1791399812.076656019] [go2_follow_mppi.local_costmap.local_costmap]: Using plugin "inflation"
[INFO] [1791399812.077108451] [go2_follow_mppi.local_costmap.local_costmap]: Initialized plugin "inflation"
[INFO] [1791399812.081544184] [go2_follow_mppi.controller_server]: Created progress_checker : progress of type nav2_controller::SimpleProgressChecker
[INFO] [1791399812.082197813] [go2_follow_mppi.controller_server]: Created goal checker : follow_goal of type nav2_controller::SimpleGoalChecker
[INFO] [1791399812.082407725] [go2_follow_mppi.controller_server]: Created goal checker : observe_goal of type nav2_controller::SimpleGoalChecker
[INFO] [1791399812.082595527] [go2_follow_mppi.controller_server]: Created goal checker : face_goal of type nav2_controller::SimpleGoalChecker
[INFO] [1791399812.082733237] [go2_follow_mppi.controller_server]: Controller Server has follow_goal observe_goal face_goal  goal checkers available.
[INFO] [1791399812.083658854] [go2_follow_mppi.controller_server]: Created controller : FollowPath of type nav2_mppi_controller::MPPIController
[WARN] [1791399812.084718945] [go2_follow_mppi.controller_server]: Controller period is less then model dt, consider setting it equal
[INFO] [1791399812.085850893] [go2_follow_mppi.controller_server]: ConstraintCritic instantiated with 1 power and 4.000000 weight.
[INFO] [1791399812.085907292] [go2_follow_mppi.controller_server]: Critic loaded : mppi::critics::ConstraintCritic
[INFO] [1791399812.086453787] [go2_follow_mppi.controller_server]: InflationCostCritic instantiated with 1 power and 300.000000 / 0.015000 weights. Critic will collision check based on footprint cost.
[INFO] [1791399812.086486546] [go2_follow_mppi.controller_server]: Critic loaded : mppi::critics::CostCritic
[INFO] [1791399812.089057240] [go2_follow_mppi.controller_server]: Critic loaded : mppi::critics::BrakingCritic
[INFO] [1791399812.089597060] [go2_follow_mppi.controller_server]: Critic loaded : mppi::critics::FollowSpeedCritic
[INFO] [1791399812.089812877] [go2_follow_mppi.controller_server]: GoalCritic instantiated with 1 power and 5.000000 weight.
[INFO] [1791399812.089844670] [go2_follow_mppi.controller_server]: Critic loaded : mppi::critics::GoalCritic
[INFO] [1791399812.090165492] [go2_follow_mppi.controller_server]: Critic loaded : mppi::critics::PathFollowCritic
[INFO] [1791399812.090729051] [go2_follow_mppi.controller_server]: ReferenceTrajectoryCritic instantiated with 1 power and 6.000000 weight
[INFO] [1791399812.090806150] [go2_follow_mppi.controller_server]: Critic loaded : mppi::critics::PathAlignCritic
[INFO] [1791399812.091178607] [go2_follow_mppi.controller_server]: PathAngleCritic instantiated with 1 power and 5.000000 weight. Reversing not allowed.
[INFO] [1791399812.091238697] [go2_follow_mppi.controller_server]: Critic loaded : mppi::critics::PathAngleCritic
[INFO] [1791399812.091465075] [go2_follow_mppi.controller_server]: GoalAngleCritic instantiated with 1 power, 5.000000 weight, and 0.350000 angular threshold.
[INFO] [1791399812.091522300] [go2_follow_mppi.controller_server]: Critic loaded : mppi::critics::GoalAngleCritic
[INFO] [1791399812.094702769] [go2_follow_mppi.controller_server]: Optimizer reset
[INFO] [1791399812.096518519] [MPPIController]: Configured MPPI Controller: FollowPath
[INFO] [1791399812.096660993] [go2_follow_mppi.controller_server]: Created controller : Observe of type nav2_mppi_controller::MPPIController
[WARN] [1791399812.097736736] [go2_follow_mppi.controller_server]: Controller period is less then model dt, consider setting it equal
[INFO] [1791399812.098482692] [go2_follow_mppi.controller_server]: ConstraintCritic instantiated with 1 power and 4.000000 weight.
[INFO] [1791399812.098522701] [go2_follow_mppi.controller_server]: Critic loaded : mppi::critics::ConstraintCritic
[INFO] [1791399812.098784378] [go2_follow_mppi.controller_server]: InflationCostCritic instantiated with 1 power and 300.000000 / 0.015000 weights. Critic will collision check based on footprint cost.
[INFO] [1791399812.098806391] [go2_follow_mppi.controller_server]: Critic loaded : mppi::critics::CostCritic
[INFO] [1791399812.099533090] [go2_follow_mppi.controller_server]: Critic loaded : mppi::critics::BrakingCritic
[INFO] [1791399812.100096953] [go2_follow_mppi.controller_server]: Critic loaded : mppi::critics::FollowSpeedCritic
[INFO] [1791399812.100310773] [go2_follow_mppi.controller_server]: GoalCritic instantiated with 1 power and 5.000000 weight.
[INFO] [1791399812.100337714] [go2_follow_mppi.controller_server]: Critic loaded : mppi::critics::GoalCritic
[INFO] [1791399812.100621403] [go2_follow_mppi.controller_server]: Critic loaded : mppi::critics::PathFollowCritic
[INFO] [1791399812.100844797] [go2_follow_mppi.controller_server]: ReferenceTrajectoryCritic instantiated with 1 power and 6.000000 weight
[INFO] [1791399812.100868709] [go2_follow_mppi.controller_server]: Critic loaded : mppi::critics::PathAlignCritic
[INFO] [1791399812.101170493] [go2_follow_mppi.controller_server]: PathAngleCritic instantiated with 1 power and 5.000000 weight. Reversing not allowed.
[INFO] [1791399812.101189966] [go2_follow_mppi.controller_server]: Critic loaded : mppi::critics::PathAngleCritic
[INFO] [1791399812.101616065] [go2_follow_mppi.controller_server]: GoalAngleCritic instantiated with 1 power, 8.000000 weight, and 0.350000 angular threshold.
[INFO] [1791399812.101639944] [go2_follow_mppi.controller_server]: Critic loaded : mppi::critics::GoalAngleCritic
[INFO] [1791399812.104860521] [go2_follow_mppi.controller_server]: Optimizer reset
[INFO] [1791399812.106009923] [MPPIController]: Configured MPPI Controller: Observe
[INFO] [1791399812.106037070] [go2_follow_mppi.controller_server]: Controller Server has FollowPath Observe  controllers available.
[INFO] [1791399812.109912153] [go2_follow_mppi.controller_server]: Activating
[INFO] [1791399812.109965285] [go2_follow_mppi.local_costmap.local_costmap]: Activating
[INFO] [1791399812.109980872] [go2_follow_mppi.local_costmap.local_costmap]: Checking transform
[INFO] [1791399812.110181244] [go2_follow_mppi.local_costmap.local_costmap]: start
[WARN] [1791399812.161948543] [go2_follow_mppi.controller_server]: Parameter controller_server.verbose not found
[INFO] [1791399812.163765293] [go2_follow_mppi.controller_server]: Optimizer reset
[INFO] [1791399812.163896620] [MPPIController]: Activated MPPI Controller: Observe
[INFO] [1791399812.163907322] [MPPIController]: Activated MPPI Controller: FollowPath
[INFO] [1791399812.163926914] [go2_follow_mppi.controller_server]: Creating bond (controller_server) to lifecycle manager.
[INFO] [1791399811.396654622] [go2_follow_mppi.local_costmap.local_costmap]: StaticLayer: Resizing static layer to 121 X 121 at 0.100000 m/pix
[INFO] [1791399811.492043646] [go2_follow_mppi.local_costmap.local_costmap]: StaticLayer: Resizing static layer to 121 X 121 at 0.100000 m/pix
[INFO] [1791399811.591992975] [go2_follow_mppi.local_costmap.local_costmap]: StaticLayer: Resizing static layer to 121 X 121 at 0.100000 m/pix
[INFO] [1791399811.892016741] [go2_follow_mppi.local_costmap.local_costmap]: StaticLayer: Resizing static layer to 121 X 121 at 0.100000 m/pix
[INFO] [1791399813.591603479] [go2_follow_mppi.local_costmap.local_costmap]: StaticLayer: Resizing static layer to 121 X 121 at 0.100000 m/pix
[INFO] [1791399813.793609598] [go2_follow_mppi.local_costmap.local_costmap]: StaticLayer: Resizing static layer to 121 X 121 at 0.100000 m/pix
[INFO] [1791399813.894649286] [go2_follow_mppi.local_costmap.local_costmap]: StaticLayer: Resizing static layer to 121 X 121 at 0.100000 m/pix
[INFO] [1791399814.391620943] [go2_follow_mppi.local_costmap.local_costmap]: StaticLayer: Resizing static layer to 121 X 121 at 0.100000 m/pix
[INFO] [1791399815.691974501] [go2_follow_mppi.local_costmap.local_costmap]: StaticLayer: Resizing static layer to 121 X 121 at 0.100000 m/pix
[INFO] [1791399815.791627440] [go2_follow_mppi.local_costmap.local_costmap]: StaticLayer: Resizing static layer to 121 X 121 at 0.100000 m/pix
[INFO] [1791399816.516047179] [go2_follow_mppi.controller_server]: Received a goal, begin computing control effort.
[INFO] [1791399816.517654178] [go2_follow_mppi.controller_server]: Optimizer reset
[INFO] [1791399816.691650563] [go2_follow_mppi.local_costmap.local_costmap]: StaticLayer: Resizing static layer to 121 X 121 at 0.100000 m/pix
[INFO] [1791399816.916229953] [go2_follow_mppi.controller_server]: Passing new path to controller.
[INFO] [1791399817.091556504] [go2_follow_mppi.local_costmap.local_costmap]: StaticLayer: Resizing static layer to 121 X 121 at 0.100000 m/pix
[INFO] [1791399817.316274391] [go2_follow_mppi.controller_server]: Passing new path to controller.
[INFO] [1791399817.591554711] [go2_follow_mppi.local_costmap.local_costmap]: StaticLayer: Resizing static layer to 121 X 121 at 0.100000 m/pix
[INFO] [1791399817.782949545] [go2_follow_mppi.controller_server]: Passing new path to controller.
[INFO] [1791399817.891574535] [go2_follow_mppi.local_costmap.local_costmap]: StaticLayer: Resizing static layer to 121 X 121 at 0.100000 m/pix
[INFO] [1791399818.091563000] [go2_follow_mppi.local_costmap.local_costmap]: StaticLayer: Resizing static layer to 121 X 121 at 0.100000 m/pix
[INFO] [1791399818.149590303] [go2_follow_mppi.controller_server]: Passing new path to controller.
[INFO] [1791399818.297480433] [go2_follow_mppi.local_costmap.local_costmap]: StaticLayer: Resizing static layer to 121 X 121 at 0.100000 m/pix
[INFO] [1791399818.395130994] [go2_follow_mppi.local_costmap.local_costmap]: StaticLayer: Resizing static layer to 121 X 121 at 0.100000 m/pix
[INFO] [1791399818.582935246] [go2_follow_mppi.controller_server]: Passing new path to controller.
[INFO] [1791399818.604508809] [go2_follow_mppi.local_costmap.local_costmap]: StaticLayer: Resizing static layer to 121 X 121 at 0.100000 m/pix
[INFO] [1791399818.703476931] [go2_follow_mppi.local_costmap.local_costmap]: StaticLayer: Resizing static layer to 121 X 121 at 0.100000 m/pix
[INFO] [1791399818.902391650] [go2_follow_mppi.local_costmap.local_costmap]: StaticLayer: Resizing static layer to 121 X 121 at 0.100000 m/pix
[INFO] [1791399818.982944593] [go2_follow_mppi.controller_server]: Passing new path to controller.
[INFO] [1791399819.010287541] [go2_follow_mppi.local_costmap.local_costmap]: StaticLayer: Resizing static layer to 121 X 121 at 0.100000 m/pix
[INFO] [1791399819.215029656] [go2_follow_mppi.local_costmap.local_costmap]: StaticLayer: Resizing static layer to 121 X 121 at 0.100000 m/pix
[INFO] [1791399819.415123480] [go2_follow_mppi.local_costmap.local_costmap]: StaticLayer: Resizing static layer to 121 X 121 at 0.100000 m/pix
[INFO] [1791399819.449734701] [go2_follow_mppi.controller_server]: Passing new path to controller.
[INFO] [1791399819.511908712] [go2_follow_mppi.local_costmap.local_costmap]: StaticLayer: Resizing static layer to 121 X 121 at 0.100000 m/pix
[INFO] [1791399819.713020530] [go2_follow_mppi.local_costmap.local_costmap]: StaticLayer: Resizing static layer to 121 X 121 at 0.100000 m/pix
[INFO] [1791399819.850104354] [go2_follow_mppi.controller_server]: Passing new path to controller.
[INFO] [1791399819.906633512] [go2_follow_mppi.local_costmap.local_costmap]: StaticLayer: Resizing static layer to 121 X 121 at 0.100000 m/pix
[INFO] [1791399820.211105267] [go2_follow_mppi.local_costmap.local_costmap]: StaticLayer: Resizing static layer to 121 X 121 at 0.100000 m/pix
[INFO] [1791399820.283575832] [go2_follow_mppi.controller_server]: Passing new path to controller.
[INFO] [1791399820.306325018] [go2_follow_mppi.local_costmap.local_costmap]: StaticLayer: Resizing static layer to 121 X 121 at 0.100000 m/pix
[INFO] [1791399820.605617964] [go2_follow_mppi.local_costmap.local_costmap]: StaticLayer: Resizing static layer to 121 X 121 at 0.100000 m/pix
[INFO] [1791399820.683562528] [go2_follow_mppi.controller_server]: Passing new path to controller.
[INFO] [1791399820.794929107] [go2_follow_mppi.local_costmap.local_costmap]: StaticLayer: Resizing static layer to 121 X 121 at 0.100000 m/pix
[INFO] [1791399820.997619697] [go2_follow_mppi.local_costmap.local_costmap]: StaticLayer: Resizing static layer to 121 X 121 at 0.100000 m/pix
[INFO] [1791399821.083938077] [go2_follow_mppi.controller_server]: Passing new path to controller.
[INFO] [1791399821.191951465] [go2_follow_mppi.local_costmap.local_costmap]: StaticLayer: Resizing static layer to 121 X 121 at 0.100000 m/pix
[INFO] [1791399821.296616228] [go2_follow_mppi.local_costmap.local_costmap]: StaticLayer: Resizing static layer to 121 X 121 at 0.100000 m/pix
[INFO] [1791399821.449781750] [go2_follow_mppi.controller_server]: Passing new path to controller.
[INFO] [1791399821.491597018] [go2_follow_mppi.local_costmap.local_costmap]: StaticLayer: Resizing static layer to 121 X 121 at 0.100000 m/pix
[INFO] [1791399821.591578845] [go2_follow_mppi.local_costmap.local_costmap]: StaticLayer: Resizing static layer to 121 X 121 at 0.100000 m/pix
[INFO] [1791399821.791575750] [go2_follow_mppi.local_costmap.local_costmap]: StaticLayer: Resizing static layer to 121 X 121 at 0.100000 m/pix
[INFO] [1791399821.949799461] [go2_follow_mppi.controller_server]: Passing new path to controller.
[INFO] [1791399821.991597090] [go2_follow_mppi.local_costmap.local_costmap]: StaticLayer: Resizing static layer to 121 X 121 at 0.100000 m/pix
[INFO] [1791399822.097699545] [go2_follow_mppi.local_costmap.local_costmap]: StaticLayer: Resizing static layer to 121 X 121 at 0.100000 m/pix
[INFO] [1791399822.291590594] [go2_follow_mppi.local_costmap.local_costmap]: StaticLayer: Resizing static layer to 121 X 121 at 0.100000 m/pix
[INFO] [1791399822.349813504] [go2_follow_mppi.controller_server]: Passing new path to controller.
[INFO] [1791399822.391599627] [go2_follow_mppi.local_costmap.local_costmap]: StaticLayer: Resizing static layer to 121 X 121 at 0.100000 m/pix
[INFO] [1791399822.592004244] [go2_follow_mppi.local_costmap.local_costmap]: StaticLayer: Resizing static layer to 121 X 121 at 0.100000 m/pix
[INFO] [1791399822.691638047] [go2_follow_mppi.local_costmap.local_costmap]: StaticLayer: Resizing static layer to 121 X 121 at 0.100000 m/pix
[INFO] [1791399822.816331365] [go2_follow_mppi.controller_server]: Passing new path to controller.
[INFO] [1791399822.891652590] [go2_follow_mppi.local_costmap.local_costmap]: StaticLayer: Resizing static layer to 121 X 121 at 0.100000 m/pix
[INFO] [1791399823.091616923] [go2_follow_mppi.local_costmap.local_costmap]: StaticLayer: Resizing static layer to 121 X 121 at 0.100000 m/pix
[INFO] [1791399823.150229790] [go2_follow_mppi.controller_server]: Passing new path to controller.
[INFO] [1791399823.291675947] [go2_follow_mppi.local_costmap.local_costmap]: StaticLayer: Resizing static layer to 121 X 121 at 0.100000 m/pix
[INFO] [1791399823.394605672] [go2_follow_mppi.local_costmap.local_costmap]: StaticLayer: Resizing static layer to 121 X 121 at 0.100000 m/pix
[INFO] [1791399823.584909342] [go2_follow_mppi.controller_server]: Passing new path to controller.
[INFO] [1791399823.591592743] [go2_follow_mppi.local_costmap.local_costmap]: StaticLayer: Resizing static layer to 121 X 121 at 0.100000 m/pix
[INFO] [1791399823.692283757] [go2_follow_mppi.local_costmap.local_costmap]: StaticLayer: Resizing static layer to 121 X 121 at 0.100000 m/pix
[INFO] [1791399823.892615188] [go2_follow_mppi.local_costmap.local_costmap]: StaticLayer: Resizing static layer to 121 X 121 at 0.100000 m/pix
[INFO] [1791399823.983595929] [go2_follow_mppi.controller_server]: Passing new path to controller.
[INFO] [1791399824.091592350] [go2_follow_mppi.local_costmap.local_costmap]: StaticLayer: Resizing static layer to 121 X 121 at 0.100000 m/pix
[INFO] [1791399824.191841719] [go2_follow_mppi.local_costmap.local_costmap]: StaticLayer: Resizing static layer to 121 X 121 at 0.100000 m/pix
[INFO] [1791399824.391619422] [go2_follow_mppi.local_costmap.local_costmap]: StaticLayer: Resizing static layer to 121 X 121 at 0.100000 m/pix
[INFO] [1791399824.416710642] [go2_follow_mppi.controller_server]: Passing new path to controller.
[INFO] [1791399824.597328599] [go2_follow_mppi.local_costmap.local_costmap]: StaticLayer: Resizing static layer to 121 X 121 at 0.100000 m/pix
[INFO] [1791399824.691657609] [go2_follow_mppi.local_costmap.local_costmap]: StaticLayer: Resizing static layer to 121 X 121 at 0.100000 m/pix
[INFO] [1791399824.816356825] [go2_follow_mppi.controller_server]: Passing new path to controller.
[INFO] [1791399824.891609663] [go2_follow_mppi.local_costmap.local_costmap]: StaticLayer: Resizing static layer to 121 X 121 at 0.100000 m/pix
[INFO] [1791399824.991599837] [go2_follow_mppi.local_costmap.local_costmap]: StaticLayer: Resizing static layer to 121 X 121 at 0.100000 m/pix
[INFO] [1791399825.216373992] [go2_follow_mppi.controller_server]: Passing new path to controller.
[INFO] [1791399825.391622405] [go2_follow_mppi.local_costmap.local_costmap]: StaticLayer: Resizing static layer to 121 X 121 at 0.100000 m/pix
[INFO] [1791399825.591581738] [go2_follow_mppi.local_costmap.local_costmap]: StaticLayer: Resizing static layer to 121 X 121 at 0.100000 m/pix
[INFO] [1791399825.617354755] [go2_follow_mppi.controller_server]: Passing new path to controller.
[INFO] [1791399825.691943230] [go2_follow_mppi.local_costmap.local_costmap]: StaticLayer: Resizing static layer to 121 X 121 at 0.100000 m/pix
[INFO] [1791399825.901148457] [go2_follow_mppi.local_costmap.local_costmap]: StaticLayer: Resizing static layer to 121 X 121 at 0.100000 m/pix
[INFO] [1791399826.050801582] [go2_follow_mppi.controller_server]: Passing new path to controller.
[INFO] [1791399826.100615068] [go2_follow_mppi.local_costmap.local_costmap]: StaticLayer: Resizing static layer to 121 X 121 at 0.100000 m/pix
[INFO] [1791399826.205671803] [go2_follow_mppi.local_costmap.local_costmap]: StaticLayer: Resizing static layer to 121 X 121 at 0.100000 m/pix
[INFO] [1791399826.413313156] [go2_follow_mppi.local_costmap.local_costmap]: StaticLayer: Resizing static layer to 121 X 121 at 0.100000 m/pix
[INFO] [1791399826.416350951] [go2_follow_mppi.controller_server]: Passing new path to controller.
[WARN] [1791399826.483555456] [go2_follow_mppi.controller_server]: Control loop missed its desired rate of 30.0000Hz
[INFO] [1791399826.514297563] [go2_follow_mppi.local_costmap.local_costmap]: StaticLayer: Resizing static layer to 121 X 121 at 0.100000 m/pix
[WARN] [1791399826.688404748] [go2_follow_mppi.controller_server]: Control loop missed its desired rate of 30.0000Hz
[INFO] [1791399826.718861024] [go2_follow_mppi.local_costmap.local_costmap]: StaticLayer: Resizing static layer to 121 X 121 at 0.100000 m/pix
[WARN] [1791399826.718986656] [go2_follow_mppi.controller_server]: Control loop missed its desired rate of 30.0000Hz
[WARN] [1791399826.751758751] [go2_follow_mppi.controller_server]: Control loop missed its desired rate of 30.0000Hz
[INFO] [1791399826.916377935] [go2_follow_mppi.controller_server]: Passing new path to controller.
[INFO] [1791399827.007664755] [go2_follow_mppi.local_costmap.local_costmap]: StaticLayer: Resizing static layer to 121 X 121 at 0.100000 m/pix
[INFO] [1791399827.209131044] [go2_follow_mppi.local_costmap.local_costmap]: StaticLayer: Resizing static layer to 121 X 121 at 0.100000 m/pix
[INFO] [1791399827.383490071] [go2_follow_mppi.controller_server]: Passing new path to controller.
[INFO] [1791399827.405812046] [go2_follow_mppi.local_costmap.local_costmap]: StaticLayer: Resizing static layer to 121 X 121 at 0.100000 m/pix
[INFO] [1791399827.604751112] [go2_follow_mppi.local_costmap.local_costmap]: StaticLayer: Resizing static layer to 121 X 121 at 0.100000 m/pix
[INFO] [1791399827.783796203] [go2_follow_mppi.controller_server]: Passing new path to controller.
[INFO] [1791399827.798065973] [go2_follow_mppi.local_costmap.local_costmap]: StaticLayer: Resizing static layer to 121 X 121 at 0.100000 m/pix
[INFO] [1791399828.094510534] [go2_follow_mppi.local_costmap.local_costmap]: StaticLayer: Resizing static layer to 121 X 121 at 0.100000 m/pix
[INFO] [1791399828.116636536] [go2_follow_mppi.controller_server]: Passing new path to controller.
[INFO] [1791399828.191589303] [go2_follow_mppi.local_costmap.local_costmap]: StaticLayer: Resizing static layer to 121 X 121 at 0.100000 m/pix
[INFO] [1791399828.391641445] [go2_follow_mppi.local_costmap.local_costmap]: StaticLayer: Resizing static layer to 121 X 121 at 0.100000 m/pix
[INFO] [1791399828.583188693] [go2_follow_mppi.controller_server]: Passing new path to controller.
[INFO] [1791399828.793962684] [go2_follow_mppi.local_costmap.local_costmap]: StaticLayer: Resizing static layer to 121 X 121 at 0.100000 m/pix
[INFO] [1791399828.892198067] [go2_follow_mppi.local_costmap.local_costmap]: StaticLayer: Resizing static layer to 121 X 121 at 0.100000 m/pix
[INFO] [1791399828.949767302] [go2_follow_mppi.controller_server]: Passing new path to controller.
[INFO] [1791399829.091613888] [go2_follow_mppi.local_costmap.local_costmap]: StaticLayer: Resizing static layer to 121 X 121 at 0.100000 m/pix
[INFO] [1791399829.291585787] [go2_follow_mppi.local_costmap.local_costmap]: StaticLayer: Resizing static layer to 121 X 121 at 0.100000 m/pix
[INFO] [1791399829.383096982] [go2_follow_mppi.controller_server]: Passing new path to controller.
[INFO] [1791399829.391613109] [go2_follow_mppi.local_costmap.local_costmap]: StaticLayer: Resizing static layer to 121 X 121 at 0.100000 m/pix
[INFO] [1791399829.597327262] [go2_follow_mppi.local_costmap.local_costmap]: StaticLayer: Resizing static layer to 121 X 121 at 0.100000 m/pix
[INFO] [1791399829.799990168] [go2_follow_mppi.local_costmap.local_costmap]: StaticLayer: Resizing static layer to 121 X 121 at 0.100000 m/pix
[INFO] [1791399829.849785394] [go2_follow_mppi.controller_server]: Passing new path to controller.
[INFO] [1791399829.907904962] [go2_follow_mppi.local_costmap.local_costmap]: StaticLayer: Resizing static layer to 121 X 121 at 0.100000 m/pix
[INFO] [1791399830.107401853] [go2_follow_mppi.local_costmap.local_costmap]: StaticLayer: Resizing static layer to 121 X 121 at 0.100000 m/pix
[INFO] [1791399830.210576007] [go2_follow_mppi.local_costmap.local_costmap]: StaticLayer: Resizing static layer to 121 X 121 at 0.100000 m/pix
[INFO] [1791399830.283190342] [go2_follow_mppi.controller_server]: Passing new path to controller.
[INFO] [1791399830.403487828] [go2_follow_mppi.local_costmap.local_costmap]: StaticLayer: Resizing static layer to 121 X 121 at 0.100000 m/pix
[INFO] [1791399830.602006879] [go2_follow_mppi.local_costmap.local_costmap]: StaticLayer: Resizing static layer to 121 X 121 at 0.100000 m/pix
[INFO] [1791399830.702111883] [go2_follow_mppi.local_costmap.local_costmap]: StaticLayer: Resizing static layer to 121 X 121 at 0.100000 m/pix
[INFO] [1791399830.717219824] [go2_follow_mppi.controller_server]: Passing new path to controller.
[INFO] [1791399830.900767026] [go2_follow_mppi.local_costmap.local_costmap]: StaticLayer: Resizing static layer to 121 X 121 at 0.100000 m/pix
[INFO] [1791399831.010822844] [go2_follow_mppi.local_costmap.local_costmap]: StaticLayer: Resizing static layer to 121 X 121 at 0.100000 m/pix
[INFO] [1791399831.083105203] [go2_follow_mppi.controller_server]: Passing new path to controller.
[INFO] [1791399831.214389132] [go2_follow_mppi.local_costmap.local_costmap]: StaticLayer: Resizing static layer to 121 X 121 at 0.100000 m/pix
[WARN] [1791399831.254835783] [go2_follow_mppi.controller_server]: Control loop missed its desired rate of 30.0000Hz
[WARN] [1791399831.285234228] [go2_follow_mppi.controller_server]: Control loop missed its desired rate of 30.0000Hz
[INFO] [1791399831.417046175] [go2_follow_mppi.local_costmap.local_costmap]: StaticLayer: Resizing static layer to 121 X 121 at 0.100000 m/pix
[WARN] [1791399831.417100670] [go2_follow_mppi.controller_server]: Control loop missed its desired rate of 30.0000Hz
[WARN] [1791399831.453277848] [go2_follow_mppi.controller_server]: Control loop missed its desired rate of 30.0000Hz
[WARN] [1791399831.490867832] [go2_follow_mppi.controller_server]: Control loop missed its desired rate of 30.0000Hz
[WARN] [1791399831.526861451] [go2_follow_mppi.controller_server]: Control loop missed its desired rate of 30.0000Hz
[INFO] [1791399831.526943122] [go2_follow_mppi.controller_server]: Passing new path to controller.
[WARN] [1791399831.560705311] [go2_follow_mppi.controller_server]: Control loop missed its desired rate of 30.0000Hz
[INFO] [1791399831.593578753] [go2_follow_mppi.local_costmap.local_costmap]: StaticLayer: Resizing static layer to 121 X 121 at 0.100000 m/pix
[WARN] [1791399831.593614956] [go2_follow_mppi.controller_server]: Control loop missed its desired rate of 30.0000Hz
[WARN] [1791399831.626151314] [go2_follow_mppi.controller_server]: Control loop missed its desired rate of 30.0000Hz
[WARN] [1791399831.656479300] [go2_follow_mppi.controller_server]: Control loop missed its desired rate of 30.0000Hz
[WARN] [1791399831.689075850] [go2_follow_mppi.controller_server]: Control loop missed its desired rate of 30.0000Hz
[WARN] [1791399831.720976012] [go2_follow_mppi.controller_server]: Control loop missed its desired rate of 30.0000Hz
[WARN] [1791399831.759260237] [go2_follow_mppi.controller_server]: Control loop missed its desired rate of 30.0000Hz
[WARN] [1791399831.792428115] [go2_follow_mppi.controller_server]: Control loop missed its desired rate of 30.0000Hz
[INFO] [1791399831.823798711] [go2_follow_mppi.local_costmap.local_costmap]: StaticLayer: Resizing static layer to 121 X 121 at 0.100000 m/pix
[WARN] [1791399831.823876976] [go2_follow_mppi.controller_server]: Control loop missed its desired rate of 30.0000Hz
[WARN] [1791399831.854819885] [go2_follow_mppi.controller_server]: Control loop missed its desired rate of 30.0000Hz
[WARN] [1791399831.884788476] [go2_follow_mppi.controller_server]: Control loop missed its desired rate of 30.0000Hz
[INFO] [1791399831.913521286] [go2_follow_mppi.local_costmap.local_costmap]: StaticLayer: Resizing static layer to 121 X 121 at 0.100000 m/pix
[INFO] [1791399831.949767623] [go2_follow_mppi.controller_server]: Passing new path to controller.
[INFO] [1791399832.107469611] [go2_follow_mppi.local_costmap.local_costmap]: StaticLayer: Resizing static layer to 121 X 121 at 0.100000 m/pix
[INFO] [1791399832.298730179] [go2_follow_mppi.local_costmap.local_costmap]: StaticLayer: Resizing static layer to 121 X 121 at 0.100000 m/pix
[INFO] [1791399832.384391028] [go2_follow_mppi.controller_server]: Passing new path to controller.
[INFO] [1791399832.395546586] [go2_follow_mppi.local_costmap.local_costmap]: StaticLayer: Resizing static layer to 121 X 121 at 0.100000 m/pix
[INFO] [1791399832.593430699] [go2_follow_mppi.local_costmap.local_costmap]: StaticLayer: Resizing static layer to 121 X 121 at 0.100000 m/pix
[INFO] [1791399832.749787993] [go2_follow_mppi.controller_server]: Passing new path to controller.
[INFO] [1791399832.791880483] [go2_follow_mppi.local_costmap.local_costmap]: StaticLayer: Resizing static layer to 121 X 121 at 0.100000 m/pix
[INFO] [1791399832.892469297] [go2_follow_mppi.local_costmap.local_costmap]: StaticLayer: Resizing static layer to 121 X 121 at 0.100000 m/pix
[INFO] [1791399833.091585166] [go2_follow_mppi.local_costmap.local_costmap]: StaticLayer: Resizing static layer to 121 X 121 at 0.100000 m/pix
[INFO] [1791399833.187143873] [go2_follow_mppi.controller_server]: Passing new path to controller.
[INFO] [1791399833.291598950] [go2_follow_mppi.local_costmap.local_costmap]: StaticLayer: Resizing static layer to 121 X 121 at 0.100000 m/pix
[INFO] [1791399833.582989054] [go2_follow_mppi.controller_server]: Passing new path to controller.
[INFO] [1791399833.591584222] [go2_follow_mppi.local_costmap.local_costmap]: StaticLayer: Resizing static layer to 121 X 121 at 0.100000 m/pix
[INFO] [1791399833.891632257] [go2_follow_mppi.local_costmap.local_costmap]: StaticLayer: Resizing static layer to 121 X 121 at 0.100000 m/pix
[INFO] [1791399833.982848931] [go2_follow_mppi.controller_server]: Passing new path to controller.
[INFO] [1791399834.091582342] [go2_follow_mppi.local_costmap.local_costmap]: StaticLayer: Resizing static layer to 121 X 121 at 0.100000 m/pix
[INFO] [1791399834.382925720] [go2_follow_mppi.controller_server]: Passing new path to controller.
[INFO] [1791399834.391554825] [go2_follow_mppi.local_costmap.local_costmap]: StaticLayer: Resizing static layer to 121 X 121 at 0.100000 m/pix
[INFO] [1791399834.591550674] [go2_follow_mppi.local_costmap.local_costmap]: StaticLayer: Resizing static layer to 121 X 121 at 0.100000 m/pix
[INFO] [1791399834.691622936] [go2_follow_mppi.local_costmap.local_costmap]: StaticLayer: Resizing static layer to 121 X 121 at 0.100000 m/pix
[INFO] [1791399834.816785324] [go2_follow_mppi.controller_server]: Passing new path to controller.
[INFO] [1791399835.091574637] [go2_follow_mppi.local_costmap.local_costmap]: StaticLayer: Resizing static layer to 121 X 121 at 0.100000 m/pix
[INFO] [1791399835.191563248] [go2_follow_mppi.local_costmap.local_costmap]: StaticLayer: Resizing static layer to 121 X 121 at 0.100000 m/pix
[INFO] [1791399835.216481573] [go2_follow_mppi.controller_server]: Passing new path to controller.
[INFO] [1791399835.391562724] [go2_follow_mppi.local_costmap.local_costmap]: StaticLayer: Resizing static layer to 121 X 121 at 0.100000 m/pix
[INFO] [1791399835.591615324] [go2_follow_mppi.local_costmap.local_costmap]: StaticLayer: Resizing static layer to 121 X 121 at 0.100000 m/pix
[INFO] [1791399835.650143271] [go2_follow_mppi.controller_server]: Passing new path to controller.
[INFO] [1791399835.691650930] [go2_follow_mppi.local_costmap.local_costmap]: StaticLayer: Resizing static layer to 121 X 121 at 0.100000 m/pix
[INFO] [1791399835.891613516] [go2_follow_mppi.local_costmap.local_costmap]: StaticLayer: Resizing static layer to 121 X 121 at 0.100000 m/pix
[INFO] [1791399836.049641406] [go2_follow_mppi.controller_server]: Passing new path to controller.
[INFO] [1791399836.091686677] [go2_follow_mppi.local_costmap.local_costmap]: StaticLayer: Resizing static layer to 121 X 121 at 0.100000 m/pix
[INFO] [1791399836.192912797] [go2_follow_mppi.local_costmap.local_costmap]: StaticLayer: Resizing static layer to 121 X 121 at 0.100000 m/pix
[INFO] [1791399836.391609810] [go2_follow_mppi.local_costmap.local_costmap]: StaticLayer: Resizing static layer to 121 X 121 at 0.100000 m/pix
[INFO] [1791399836.482915955] [go2_follow_mppi.controller_server]: Passing new path to controller.
[INFO] [1791399836.594452874] [go2_follow_mppi.local_costmap.local_costmap]: StaticLayer: Resizing static layer to 121 X 121 at 0.100000 m/pix
[INFO] [1791399836.698666389] [go2_follow_mppi.local_costmap.local_costmap]: StaticLayer: Resizing static layer to 121 X 121 at 0.100000 m/pix
[INFO] [1791399836.882923197] [go2_follow_mppi.controller_server]: Passing new path to controller.
[INFO] [1791399836.906935246] [go2_follow_mppi.local_costmap.local_costmap]: StaticLayer: Resizing static layer to 121 X 121 at 0.100000 m/pix
[INFO] [1791399837.006542661] [go2_follow_mppi.local_costmap.local_costmap]: StaticLayer: Resizing static layer to 121 X 121 at 0.100000 m/pix
[INFO] [1791399837.205147742] [go2_follow_mppi.local_costmap.local_costmap]: StaticLayer: Resizing static layer to 121 X 121 at 0.100000 m/pix
[INFO] [1791399837.316397172] [go2_follow_mppi.controller_server]: Passing new path to controller.
[INFO] [1791399837.407290356] [go2_follow_mppi.local_costmap.local_costmap]: StaticLayer: Resizing static layer to 121 X 121 at 0.100000 m/pix
[INFO] [1791399837.607917679] [go2_follow_mppi.local_costmap.local_costmap]: StaticLayer: Resizing static layer to 121 X 121 at 0.100000 m/pix
[INFO] [1791399837.711058816] [go2_follow_mppi.local_costmap.local_costmap]: StaticLayer: Resizing static layer to 121 X 121 at 0.100000 m/pix
[INFO] [1791399837.749678015] [go2_follow_mppi.controller_server]: Passing new path to controller.
[INFO] [1791399837.897986156] [go2_follow_mppi.local_costmap.local_costmap]: StaticLayer: Resizing static layer to 121 X 121 at 0.100000 m/pix
[INFO] [1791399838.096522063] [go2_follow_mppi.local_costmap.local_costmap]: StaticLayer: Resizing static layer to 121 X 121 at 0.100000 m/pix
[INFO] [1791399838.150065553] [go2_follow_mppi.controller_server]: Passing new path to controller.
[INFO] [1791399838.193470232] [go2_follow_mppi.local_costmap.local_costmap]: StaticLayer: Resizing static layer to 121 X 121 at 0.100000 m/pix
[INFO] [1791399838.391591145] [go2_follow_mppi.local_costmap.local_costmap]: StaticLayer: Resizing static layer to 121 X 121 at 0.100000 m/pix
[INFO] [1791399838.582934974] [go2_follow_mppi.controller_server]: Passing new path to controller.
[INFO] [1791399838.591812304] [go2_follow_mppi.local_costmap.local_costmap]: StaticLayer: Resizing static layer to 121 X 121 at 0.100000 m/pix
[INFO] [1791399838.791693414] [go2_follow_mppi.local_costmap.local_costmap]: StaticLayer: Resizing static layer to 121 X 121 at 0.100000 m/pix
[INFO] [1791399838.891604199] [go2_follow_mppi.local_costmap.local_costmap]: StaticLayer: Resizing static layer to 121 X 121 at 0.100000 m/pix
[INFO] [1791399838.982904755] [go2_follow_mppi.controller_server]: Passing new path to controller.
[INFO] [1791399839.091575642] [go2_follow_mppi.local_costmap.local_costmap]: StaticLayer: Resizing static layer to 121 X 121 at 0.100000 m/pix
[INFO] [1791399839.191934495] [go2_follow_mppi.local_costmap.local_costmap]: StaticLayer: Resizing static layer to 121 X 121 at 0.100000 m/pix
[INFO] [1791399839.383043267] [go2_follow_mppi.controller_server]: Passing new path to controller.
[INFO] [1791399839.392258025] [go2_follow_mppi.local_costmap.local_costmap]: StaticLayer: Resizing static layer to 121 X 121 at 0.100000 m/pix
[INFO] [1791399839.593054224] [go2_follow_mppi.local_costmap.local_costmap]: StaticLayer: Resizing static layer to 121 X 121 at 0.100000 m/pix
[INFO] [1791399839.693188987] [go2_follow_mppi.local_costmap.local_costmap]: StaticLayer: Resizing static layer to 121 X 121 at 0.100000 m/pix
[INFO] [1791399839.782864203] [go2_follow_mppi.controller_server]: Passing new path to controller.
[INFO] [1791399839.891563170] [go2_follow_mppi.local_costmap.local_costmap]: StaticLayer: Resizing static layer to 121 X 121 at 0.100000 m/pix
[INFO] [1791399839.991531670] [go2_follow_mppi.local_costmap.local_costmap]: StaticLayer: Resizing static layer to 121 X 121 at 0.100000 m/pix
[INFO] [1791399840.195069100] [go2_follow_mppi.local_costmap.local_costmap]: StaticLayer: Resizing static layer to 121 X 121 at 0.100000 m/pix
[INFO] [1791399840.216281360] [go2_follow_mppi.controller_server]: Passing new path to controller.
[INFO] [1791399840.391584475] [go2_follow_mppi.local_costmap.local_costmap]: StaticLayer: Resizing static layer to 121 X 121 at 0.100000 m/pix
[INFO] [1791399840.591576834] [go2_follow_mppi.local_costmap.local_costmap]: StaticLayer: Resizing static layer to 121 X 121 at 0.100000 m/pix
[INFO] [1791399840.650235850] [go2_follow_mppi.controller_server]: Passing new path to controller.
[INFO] [1791399840.691667117] [go2_follow_mppi.local_costmap.local_costmap]: StaticLayer: Resizing static layer to 121 X 121 at 0.100000 m/pix
[INFO] [1791399840.891689927] [go2_follow_mppi.local_costmap.local_costmap]: StaticLayer: Resizing static layer to 121 X 121 at 0.100000 m/pix
[INFO] [1791399841.016768319] [go2_follow_mppi.controller_server]: Passing new path to controller.
[INFO] [1791399841.091568487] [go2_follow_mppi.local_costmap.local_costmap]: StaticLayer: Resizing static layer to 121 X 121 at 0.100000 m/pix
[INFO] [1791399841.191584178] [go2_follow_mppi.local_costmap.local_costmap]: StaticLayer: Resizing static layer to 121 X 121 at 0.100000 m/pix
[INFO] [1791399841.391605211] [go2_follow_mppi.local_costmap.local_costmap]: StaticLayer: Resizing static layer to 121 X 121 at 0.100000 m/pix
[INFO] [1791399841.449658061] [go2_follow_mppi.controller_server]: Passing new path to controller.
[INFO] [1791399841.695099134] [go2_follow_mppi.local_costmap.local_costmap]: StaticLayer: Resizing static layer to 121 X 121 at 0.100000 m/pix
[INFO] [1791399841.849644718] [go2_follow_mppi.controller_server]: Passing new path to controller.
[INFO] [1791399842.091589859] [go2_follow_mppi.local_costmap.local_costmap]: StaticLayer: Resizing static layer to 121 X 121 at 0.100000 m/pix
[INFO] [1791399842.191634498] [go2_follow_mppi.local_costmap.local_costmap]: StaticLayer: Resizing static layer to 121 X 121 at 0.100000 m/pix
[INFO] [1791399842.282893074] [go2_follow_mppi.controller_server]: Passing new path to controller.
[INFO] [1791399842.391783778] [go2_follow_mppi.local_costmap.local_costmap]: StaticLayer: Resizing static layer to 121 X 121 at 0.100000 m/pix
[INFO] [1791399842.682946620] [go2_follow_mppi.controller_server]: Passing new path to controller.
[INFO] [1791399842.691903571] [go2_follow_mppi.local_costmap.local_costmap]: StaticLayer: Resizing static layer to 121 X 121 at 0.100000 m/pix
[INFO] [1791399842.891610558] [go2_follow_mppi.local_costmap.local_costmap]: StaticLayer: Resizing static layer to 121 X 121 at 0.100000 m/pix
[INFO] [1791399843.091562581] [go2_follow_mppi.local_costmap.local_costmap]: StaticLayer: Resizing static layer to 121 X 121 at 0.100000 m/pix
[INFO] [1791399843.116898170] [go2_follow_mppi.controller_server]: Passing new path to controller.
[INFO] [1791399843.191612698] [go2_follow_mppi.local_costmap.local_costmap]: StaticLayer: Resizing static layer to 121 X 121 at 0.100000 m/pix
[INFO] [1791399843.549772332] [go2_follow_mppi.controller_server]: Passing new path to controller.
[INFO] [1791399843.591579924] [go2_follow_mppi.local_costmap.local_costmap]: StaticLayer: Resizing static layer to 121 X 121 at 0.100000 m/pix
[INFO] [1791399841.982817043] [go2_follow_mppi.local_costmap.local_costmap]: StaticLayer: Resizing static layer to 121 X 121 at 0.100000 m/pix
[INFO] [1791399842.142277767] [go2_follow_mppi.controller_server]: Passing new path to controller.
[INFO] [1791399842.282826474] [go2_follow_mppi.local_costmap.local_costmap]: StaticLayer: Resizing static layer to 121 X 121 at 0.100000 m/pix
[INFO] [1791399842.482819144] [go2_follow_mppi.local_costmap.local_costmap]: StaticLayer: Resizing static layer to 121 X 121 at 0.100000 m/pix
[INFO] [1791399842.542517147] [go2_follow_mppi.controller_server]: Passing new path to controller.
[INFO] [1791399842.782808275] [go2_follow_mppi.local_costmap.local_costmap]: StaticLayer: Resizing static layer to 121 X 121 at 0.100000 m/pix
[INFO] [1791399842.974397582] [go2_follow_mppi.controller_server]: Passing new path to controller.
[INFO] [1791399842.982809493] [go2_follow_mppi.local_costmap.local_costmap]: StaticLayer: Resizing static layer to 121 X 121 at 0.100000 m/pix
[INFO] [1791399843.082813836] [go2_follow_mppi.local_costmap.local_costmap]: StaticLayer: Resizing static layer to 121 X 121 at 0.100000 m/pix
[INFO] [1791399843.282799811] [go2_follow_mppi.local_costmap.local_costmap]: StaticLayer: Resizing static layer to 121 X 121 at 0.100000 m/pix
[INFO] [1791399843.341222468] [go2_follow_mppi.controller_server]: Passing new path to controller.
[INFO] [1791399843.482807405] [go2_follow_mppi.local_costmap.local_costmap]: StaticLayer: Resizing static layer to 121 X 121 at 0.100000 m/pix
[INFO] [1791399843.582788062] [go2_follow_mppi.local_costmap.local_costmap]: StaticLayer: Resizing static layer to 121 X 121 at 0.100000 m/pix
[INFO] [1791399843.782817463] [go2_follow_mppi.local_costmap.local_costmap]: StaticLayer: Resizing static layer to 121 X 121 at 0.100000 m/pix
[INFO] [1791399843.807569618] [go2_follow_mppi.controller_server]: Passing new path to controller.
[INFO] [1791399843.982818131] [go2_follow_mppi.local_costmap.local_costmap]: StaticLayer: Resizing static layer to 121 X 121 at 0.100000 m/pix
[INFO] [1791399844.082824784] [go2_follow_mppi.local_costmap.local_costmap]: StaticLayer: Resizing static layer to 121 X 121 at 0.100000 m/pix
[INFO] [1791399844.207527673] [go2_follow_mppi.controller_server]: Passing new path to controller.
[INFO] [1791399844.282792229] [go2_follow_mppi.local_costmap.local_costmap]: StaticLayer: Resizing static layer to 121 X 121 at 0.100000 m/pix
[INFO] [1791399844.483063495] [go2_follow_mppi.local_costmap.local_costmap]: StaticLayer: Resizing static layer to 121 X 121 at 0.100000 m/pix
[INFO] [1791399844.583103141] [go2_follow_mppi.local_costmap.local_costmap]: StaticLayer: Resizing static layer to 121 X 121 at 0.100000 m/pix
[INFO] [1791399844.640972043] [go2_follow_mppi.controller_server]: Passing new path to controller.
[INFO] [1791399844.782791320] [go2_follow_mppi.local_costmap.local_costmap]: StaticLayer: Resizing static layer to 121 X 121 at 0.100000 m/pix
[INFO] [1791399844.982850212] [go2_follow_mppi.local_costmap.local_costmap]: StaticLayer: Resizing static layer to 121 X 121 at 0.100000 m/pix
[INFO] [1791399845.074235542] [go2_follow_mppi.controller_server]: Passing new path to controller.
[INFO] [1791399845.085649863] [go2_follow_mppi.local_costmap.local_costmap]: StaticLayer: Resizing static layer to 121 X 121 at 0.100000 m/pix
[INFO] [1791399845.282801040] [go2_follow_mppi.local_costmap.local_costmap]: StaticLayer: Resizing static layer to 121 X 121 at 0.100000 m/pix
[INFO] [1791399845.442022675] [go2_follow_mppi.controller_server]: Passing new path to controller.
[INFO] [1791399845.482811795] [go2_follow_mppi.local_costmap.local_costmap]: StaticLayer: Resizing static layer to 121 X 121 at 0.100000 m/pix
[INFO] [1791399845.682895552] [go2_follow_mppi.local_costmap.local_costmap]: StaticLayer: Resizing static layer to 121 X 121 at 0.100000 m/pix
[INFO] [1791399845.782808106] [go2_follow_mppi.local_costmap.local_costmap]: StaticLayer: Resizing static layer to 121 X 121 at 0.100000 m/pix
[INFO] [1791399845.874078266] [go2_follow_mppi.controller_server]: Passing new path to controller.
[INFO] [1791399845.982805357] [go2_follow_mppi.local_costmap.local_costmap]: StaticLayer: Resizing static layer to 121 X 121 at 0.100000 m/pix
[INFO] [1791399846.082809801] [go2_follow_mppi.local_costmap.local_costmap]: StaticLayer: Resizing static layer to 121 X 121 at 0.100000 m/pix
[INFO] [1791399846.282804937] [go2_follow_mppi.local_costmap.local_costmap]: StaticLayer: Resizing static layer to 121 X 121 at 0.100000 m/pix
[INFO] [1791399846.308067933] [go2_follow_mppi.controller_server]: Passing new path to controller.
[INFO] [1791399846.482822626] [go2_follow_mppi.local_costmap.local_costmap]: StaticLayer: Resizing static layer to 121 X 121 at 0.100000 m/pix
[INFO] [1791399846.582792037] [go2_follow_mppi.local_costmap.local_costmap]: StaticLayer: Resizing static layer to 121 X 121 at 0.100000 m/pix
[INFO] [1791399846.742275730] [go2_follow_mppi.controller_server]: Passing new path to controller.
[INFO] [1791399846.782833413] [go2_follow_mppi.local_costmap.local_costmap]: StaticLayer: Resizing static layer to 121 X 121 at 0.100000 m/pix
[INFO] [1791399846.983084499] [go2_follow_mppi.local_costmap.local_costmap]: StaticLayer: Resizing static layer to 121 X 121 at 0.100000 m/pix
[INFO] [1791399847.141471982] [go2_follow_mppi.controller_server]: Passing new path to controller.
[INFO] [1791399847.182830610] [go2_follow_mppi.local_costmap.local_costmap]: StaticLayer: Resizing static layer to 121 X 121 at 0.100000 m/pix
[INFO] [1791399847.282809328] [go2_follow_mppi.local_costmap.local_costmap]: StaticLayer: Resizing static layer to 121 X 121 at 0.100000 m/pix
[INFO] [1791399847.482808058] [go2_follow_mppi.local_costmap.local_costmap]: StaticLayer: Resizing static layer to 121 X 121 at 0.100000 m/pix
[INFO] [1791399847.540902434] [go2_follow_mppi.controller_server]: Passing new path to controller.
[INFO] [1791399847.682853457] [go2_follow_mppi.local_costmap.local_costmap]: StaticLayer: Resizing static layer to 121 X 121 at 0.100000 m/pix
[INFO] [1791399847.782803151] [go2_follow_mppi.local_costmap.local_costmap]: StaticLayer: Resizing static layer to 121 X 121 at 0.100000 m/pix
[INFO] [1791399847.941509319] [go2_follow_mppi.controller_server]: Passing new path to controller.
[INFO] [1791399847.982820347] [go2_follow_mppi.local_costmap.local_costmap]: StaticLayer: Resizing static layer to 121 X 121 at 0.100000 m/pix
[INFO] [1791399848.182815929] [go2_follow_mppi.local_costmap.local_costmap]: StaticLayer: Resizing static layer to 121 X 121 at 0.100000 m/pix
[INFO] [1791399848.282817285] [go2_follow_mppi.local_costmap.local_costmap]: StaticLayer: Resizing static layer to 121 X 121 at 0.100000 m/pix
[INFO] [1791399848.375701454] [go2_follow_mppi.controller_server]: Passing new path to controller.
[INFO] [1791399848.482827434] [go2_follow_mppi.local_costmap.local_costmap]: StaticLayer: Resizing static layer to 121 X 121 at 0.100000 m/pix
[INFO] [1791399848.682889523] [go2_follow_mppi.local_costmap.local_costmap]: StaticLayer: Resizing static layer to 121 X 121 at 0.100000 m/pix
[INFO] [1791399848.875686064] [go2_follow_mppi.controller_server]: Passing new path to controller.
[INFO] [1791399848.883080220] [go2_follow_mppi.local_costmap.local_costmap]: StaticLayer: Resizing static layer to 121 X 121 at 0.100000 m/pix
[INFO] [1791399848.982803663] [go2_follow_mppi.local_costmap.local_costmap]: StaticLayer: Resizing static layer to 121 X 121 at 0.100000 m/pix
[INFO] [1791399849.182814202] [go2_follow_mppi.local_costmap.local_costmap]: StaticLayer: Resizing static layer to 121 X 121 at 0.100000 m/pix
[INFO] [1791399849.240958832] [go2_follow_mppi.controller_server]: Passing new path to controller.
[INFO] [1791399849.285152029] [go2_follow_mppi.local_costmap.local_costmap]: StaticLayer: Resizing static layer to 121 X 121 at 0.100000 m/pix
[INFO] [1791399849.482815015] [go2_follow_mppi.local_costmap.local_costmap]: StaticLayer: Resizing static layer to 121 X 121 at 0.100000 m/pix
[INFO] [1791399849.585164534] [go2_follow_mppi.local_costmap.local_costmap]: StaticLayer: Resizing static layer to 121 X 121 at 0.100000 m/pix
[INFO] [1791399849.640975983] [go2_follow_mppi.controller_server]: Passing new path to controller.
[INFO] [1791399849.783050607] [go2_follow_mppi.local_costmap.local_costmap]: StaticLayer: Resizing static layer to 121 X 121 at 0.100000 m/pix
[INFO] [1791399849.982814797] [go2_follow_mppi.local_costmap.local_costmap]: StaticLayer: Resizing static layer to 121 X 121 at 0.100000 m/pix
[INFO] [1791399850.142294329] [go2_follow_mppi.controller_server]: Passing new path to controller.
[INFO] [1791399850.182794526] [go2_follow_mppi.local_costmap.local_costmap]: StaticLayer: Resizing static layer to 121 X 121 at 0.100000 m/pix
[INFO] [1791399850.282807402] [go2_follow_mppi.local_costmap.local_costmap]: StaticLayer: Resizing static layer to 121 X 121 at 0.100000 m/pix
[INFO] [1791399850.474197853] [go2_follow_mppi.controller_server]: Passing new path to controller.
[INFO] [1791399850.482776270] [go2_follow_mppi.local_costmap.local_costmap]: StaticLayer: Resizing static layer to 121 X 121 at 0.100000 m/pix
[INFO] [1791399850.582793331] [go2_follow_mppi.local_costmap.local_costmap]: StaticLayer: Resizing static layer to 121 X 121 at 0.100000 m/pix
[INFO] [1791399850.784854743] [go2_follow_mppi.local_costmap.local_costmap]: StaticLayer: Resizing static layer to 121 X 121 at 0.100000 m/pix
[INFO] [1791399850.941016581] [go2_follow_mppi.controller_server]: Passing new path to controller.
[INFO] [1791399850.982836158] [go2_follow_mppi.local_costmap.local_costmap]: StaticLayer: Resizing static layer to 121 X 121 at 0.100000 m/pix
[INFO] [1791399851.088541247] [go2_follow_mppi.local_costmap.local_costmap]: StaticLayer: Resizing static layer to 121 X 121 at 0.100000 m/pix
[INFO] [1791399851.284505059] [go2_follow_mppi.local_costmap.local_costmap]: StaticLayer: Resizing static layer to 121 X 121 at 0.100000 m/pix
[INFO] [1791399851.308463887] [go2_follow_mppi.controller_server]: Passing new path to controller.
[INFO] [1791399851.483089784] [go2_follow_mppi.local_costmap.local_costmap]: StaticLayer: Resizing static layer to 121 X 121 at 0.100000 m/pix
[INFO] [1791399851.682921418] [go2_follow_mppi.local_costmap.local_costmap]: StaticLayer: Resizing static layer to 121 X 121 at 0.100000 m/pix
[INFO] [1791399851.782807562] [go2_follow_mppi.local_costmap.local_costmap]: StaticLayer: Resizing static layer to 121 X 121 at 0.100000 m/pix
[INFO] [1791399851.841250267] [go2_follow_mppi.controller_server]: Passing new path to controller.
[INFO] [1791399851.982837484] [go2_follow_mppi.local_costmap.local_costmap]: StaticLayer: Resizing static layer to 121 X 121 at 0.100000 m/pix
[INFO] [1791399852.174705031] [go2_follow_mppi.controller_server]: Passing new path to controller.
[INFO] [1791399852.182867083] [go2_follow_mppi.local_costmap.local_costmap]: StaticLayer: Resizing static layer to 121 X 121 at 0.100000 m/pix
[INFO] [1791399852.283103870] [go2_follow_mppi.local_costmap.local_costmap]: StaticLayer: Resizing static layer to 121 X 121 at 0.100000 m/pix
[INFO] [1791399852.482842071] [go2_follow_mppi.local_costmap.local_costmap]: StaticLayer: Resizing static layer to 121 X 121 at 0.100000 m/pix
[INFO] [1791399852.674264356] [go2_follow_mppi.controller_server]: Passing new path to controller.
[INFO] [1791399852.683118690] [go2_follow_mppi.local_costmap.local_costmap]: StaticLayer: Resizing static layer to 121 X 121 at 0.100000 m/pix
[INFO] [1791399852.982788014] [go2_follow_mppi.local_costmap.local_costmap]: StaticLayer: Resizing static layer to 121 X 121 at 0.100000 m/pix
[INFO] [1791399853.008425877] [go2_follow_mppi.controller_server]: Passing new path to controller.
[INFO] [1791399853.182815163] [go2_follow_mppi.local_costmap.local_costmap]: StaticLayer: Resizing static layer to 121 X 121 at 0.100000 m/pix
[INFO] [1791399853.282803562] [go2_follow_mppi.local_costmap.local_costmap]: StaticLayer: Resizing static layer to 121 X 121 at 0.100000 m/pix
[INFO] [1791399853.508405648] [go2_follow_mppi.controller_server]: Passing new path to controller.
[INFO] [1791399853.582871564] [go2_follow_mppi.local_costmap.local_costmap]: StaticLayer: Resizing static layer to 121 X 121 at 0.100000 m/pix
[INFO] [1791399853.682822882] [go2_follow_mppi.local_costmap.local_costmap]: StaticLayer: Resizing static layer to 121 X 121 at 0.100000 m/pix
[INFO] [1791399853.910318361] [go2_follow_mppi.controller_server]: Passing new path to controller.
[INFO] [1791399853.982822360] [go2_follow_mppi.local_costmap.local_costmap]: StaticLayer: Resizing static layer to 121 X 121 at 0.100000 m/pix
[INFO] [1791399854.182808531] [go2_follow_mppi.local_costmap.local_costmap]: StaticLayer: Resizing static layer to 121 X 121 at 0.100000 m/pix
[INFO] [1791399854.282822225] [go2_follow_mppi.local_costmap.local_costmap]: StaticLayer: Resizing static layer to 121 X 121 at 0.100000 m/pix
[INFO] [1791399854.307549839] [go2_follow_mppi.controller_server]: Passing new path to controller.
[INFO] [1791399854.482928245] [go2_follow_mppi.local_costmap.local_costmap]: StaticLayer: Resizing static layer to 121 X 121 at 0.100000 m/pix
[INFO] [1791399854.686449406] [go2_follow_mppi.local_costmap.local_costmap]: StaticLayer: Resizing static layer to 121 X 121 at 0.100000 m/pix
[INFO] [1791399854.808426129] [go2_follow_mppi.controller_server]: Passing new path to controller.
[INFO] [1791399855.082829724] [go2_follow_mppi.local_costmap.local_costmap]: StaticLayer: Resizing static layer to 121 X 121 at 0.100000 m/pix
[INFO] [1791399855.141559384] [go2_follow_mppi.controller_server]: Passing new path to controller.
[INFO] [1791399855.182808462] [go2_follow_mppi.local_costmap.local_costmap]: StaticLayer: Resizing static layer to 121 X 121 at 0.100000 m/pix
[INFO] [1791399855.575850760] [go2_follow_mppi.controller_server]: Passing new path to controller.
[INFO] [1791399855.583103500] [go2_follow_mppi.local_costmap.local_costmap]: StaticLayer: Resizing static layer to 121 X 121 at 0.100000 m/pix
[INFO] [1791399855.682796228] [go2_follow_mppi.local_costmap.local_costmap]: StaticLayer: Resizing static layer to 121 X 121 at 0.100000 m/pix
[INFO] [1791399855.882839755] [go2_follow_mppi.local_costmap.local_costmap]: StaticLayer: Resizing static layer to 121 X 121 at 0.100000 m/pix
[INFO] [1791399855.974390869] [go2_follow_mppi.controller_server]: Passing new path to controller.
[INFO] [1791399856.082801075] [go2_follow_mppi.local_costmap.local_costmap]: StaticLayer: Resizing static layer to 121 X 121 at 0.100000 m/pix
[INFO] [1791399856.182815472] [go2_follow_mppi.local_costmap.local_costmap]: StaticLayer: Resizing static layer to 121 X 121 at 0.100000 m/pix
[INFO] [1791399856.382818804] [go2_follow_mppi.local_costmap.local_costmap]: StaticLayer: Resizing static layer to 121 X 121 at 0.100000 m/pix
[INFO] [1791399856.407889015] [go2_follow_mppi.controller_server]: Passing new path to controller.
[INFO] [1791399856.482840240] [go2_follow_mppi.local_costmap.local_costmap]: StaticLayer: Resizing static layer to 121 X 121 at 0.100000 m/pix
[INFO] [1791399856.682818278] [go2_follow_mppi.local_costmap.local_costmap]: StaticLayer: Resizing static layer to 121 X 121 at 0.100000 m/pix
[INFO] [1791399856.842406252] [go2_follow_mppi.controller_server]: Passing new path to controller.
[INFO] [1791399856.882832391] [go2_follow_mppi.local_costmap.local_costmap]: StaticLayer: Resizing static layer to 121 X 121 at 0.100000 m/pix
[INFO] [1791399856.982814716] [go2_follow_mppi.local_costmap.local_costmap]: StaticLayer: Resizing static layer to 121 X 121 at 0.100000 m/pix
[INFO] [1791399857.182804845] [go2_follow_mppi.local_costmap.local_costmap]: StaticLayer: Resizing static layer to 121 X 121 at 0.100000 m/pix
[INFO] [1791399857.241567030] [go2_follow_mppi.controller_server]: Passing new path to controller.
[INFO] [1791399857.382825612] [go2_follow_mppi.local_costmap.local_costmap]: StaticLayer: Resizing static layer to 121 X 121 at 0.100000 m/pix
[INFO] [1791399857.582801005] [go2_follow_mppi.local_costmap.local_costmap]: StaticLayer: Resizing static layer to 121 X 121 at 0.100000 m/pix
[INFO] [1791399857.674269449] [go2_follow_mppi.controller_server]: Passing new path to controller.
[INFO] [1791399857.682910515] [go2_follow_mppi.local_costmap.local_costmap]: StaticLayer: Resizing static layer to 121 X 121 at 0.100000 m/pix
[INFO] [1791399857.882801745] [go2_follow_mppi.local_costmap.local_costmap]: StaticLayer: Resizing static layer to 121 X 121 at 0.100000 m/pix
[INFO] [1791399858.082817978] [go2_follow_mppi.local_costmap.local_costmap]: StaticLayer: Resizing static layer to 121 X 121 at 0.100000 m/pix
[INFO] [1791399858.107851615] [go2_follow_mppi.controller_server]: Passing new path to controller.
[INFO] [1791399858.186283794] [go2_follow_mppi.local_costmap.local_costmap]: StaticLayer: Resizing static layer to 121 X 121 at 0.100000 m/pix
[INFO] [1791399858.382821501] [go2_follow_mppi.local_costmap.local_costmap]: StaticLayer: Resizing static layer to 121 X 121 at 0.100000 m/pix
[INFO] [1791399858.507544531] [go2_follow_mppi.controller_server]: Passing new path to controller.
[INFO] [1791399858.582811988] [go2_follow_mppi.local_costmap.local_costmap]: StaticLayer: Resizing static layer to 121 X 121 at 0.100000 m/pix
[INFO] [1791399858.782818799] [go2_follow_mppi.local_costmap.local_costmap]: StaticLayer: Resizing static layer to 121 X 121 at 0.100000 m/pix
[INFO] [1791399858.883156371] [go2_follow_mppi.local_costmap.local_costmap]: StaticLayer: Resizing static layer to 121 X 121 at 0.100000 m/pix
[INFO] [1791399858.974369607] [go2_follow_mppi.controller_server]: Passing new path to controller.
[INFO] [1791399859.082793887] [go2_follow_mppi.local_costmap.local_costmap]: StaticLayer: Resizing static layer to 121 X 121 at 0.100000 m/pix
[INFO] [1791399859.282842816] [go2_follow_mppi.local_costmap.local_costmap]: StaticLayer: Resizing static layer to 121 X 121 at 0.100000 m/pix
[INFO] [1791399859.341022673] [go2_follow_mppi.controller_server]: Passing new path to controller.
[INFO] [1791399859.382840898] [go2_follow_mppi.local_costmap.local_costmap]: StaticLayer: Resizing static layer to 121 X 121 at 0.100000 m/pix
[INFO] [1791399859.582802644] [go2_follow_mppi.local_costmap.local_costmap]: StaticLayer: Resizing static layer to 121 X 121 at 0.100000 m/pix
[INFO] [1791399859.776423292] [go2_follow_mppi.controller_server]: Passing new path to controller.
[INFO] [1791399859.782825002] [go2_follow_mppi.local_costmap.local_costmap]: StaticLayer: Resizing static layer to 121 X 121 at 0.100000 m/pix
[INFO] [1791399859.982925005] [go2_follow_mppi.local_costmap.local_costmap]: StaticLayer: Resizing static layer to 121 X 121 at 0.100000 m/pix
[INFO] [1791399860.174325350] [go2_follow_mppi.controller_server]: Passing new path to controller.
[INFO] [1791399860.283142767] [go2_follow_mppi.local_costmap.local_costmap]: StaticLayer: Resizing static layer to 121 X 121 at 0.100000 m/pix
[INFO] [1791399860.483843100] [go2_follow_mppi.local_costmap.local_costmap]: StaticLayer: Resizing static layer to 121 X 121 at 0.100000 m/pix
[INFO] [1791399860.582798792] [go2_follow_mppi.local_costmap.local_costmap]: StaticLayer: Resizing static layer to 121 X 121 at 0.100000 m/pix
[INFO] [1791399860.608553154] [go2_follow_mppi.controller_server]: Passing new path to controller.
[INFO] [1791399860.782803283] [go2_follow_mppi.local_costmap.local_costmap]: StaticLayer: Resizing static layer to 121 X 121 at 0.100000 m/pix
[INFO] [1791399860.983170552] [go2_follow_mppi.local_costmap.local_costmap]: StaticLayer: Resizing static layer to 121 X 121 at 0.100000 m/pix
[INFO] [1791399861.009046490] [go2_follow_mppi.controller_server]: Passing new path to controller.
[INFO] [1791399861.082818003] [go2_follow_mppi.local_costmap.local_costmap]: StaticLayer: Resizing static layer to 121 X 121 at 0.100000 m/pix
[INFO] [1791399861.282805321] [go2_follow_mppi.local_costmap.local_costmap]: StaticLayer: Resizing static layer to 121 X 121 at 0.100000 m/pix
[INFO] [1791399861.474265387] [go2_follow_mppi.controller_server]: Passing new path to controller.
[INFO] [1791399861.483194428] [go2_follow_mppi.local_costmap.local_costmap]: StaticLayer: Resizing static layer to 121 X 121 at 0.100000 m/pix
[INFO] [1791399861.582812419] [go2_follow_mppi.local_costmap.local_costmap]: StaticLayer: Resizing static layer to 121 X 121 at 0.100000 m/pix
[INFO] [1791399861.783136165] [go2_follow_mppi.local_costmap.local_costmap]: StaticLayer: Resizing static layer to 121 X 121 at 0.100000 m/pix
[INFO] [1791399861.909237185] [go2_follow_mppi.controller_server]: Passing new path to controller.
[INFO] [1791399862.275499334] [go2_follow_mppi.controller_server]: Passing new path to controller.
[INFO] [1791399862.283153423] [go2_follow_mppi.local_costmap.local_costmap]: StaticLayer: Resizing static layer to 121 X 121 at 0.100000 m/pix
[INFO] [1791399862.782819293] [go2_follow_mppi.local_costmap.local_costmap]: StaticLayer: Resizing static layer to 121 X 121 at 0.100000 m/pix
[INFO] [1791399862.807905214] [go2_follow_mppi.controller_server]: Passing new path to controller.
[INFO] [1791399863.175109662] [go2_follow_mppi.controller_server]: Passing new path to controller.
[INFO] [1791399863.183171590] [go2_follow_mppi.local_costmap.local_costmap]: StaticLayer: Resizing static layer to 121 X 121 at 0.100000 m/pix
[INFO] [1791399863.383307498] [go2_follow_mppi.local_costmap.local_costmap]: StaticLayer: Resizing static layer to 121 X 121 at 0.100000 m/pix
[INFO] [1791399863.483383579] [go2_follow_mppi.local_costmap.local_costmap]: StaticLayer: Resizing static layer to 121 X 121 at 0.100000 m/pix
[INFO] [1791399863.642993204] [go2_follow_mppi.controller_server]: Passing new path to controller.
[INFO] [1791399863.682877691] [go2_follow_mppi.local_costmap.local_costmap]: StaticLayer: Resizing static layer to 121 X 121 at 0.100000 m/pix
[INFO] [1791399863.882830135] [go2_follow_mppi.local_costmap.local_costmap]: StaticLayer: Resizing static layer to 121 X 121 at 0.100000 m/pix
[INFO] [1791399863.982818734] [go2_follow_mppi.local_costmap.local_costmap]: StaticLayer: Resizing static layer to 121 X 121 at 0.100000 m/pix
[INFO] [1791399864.007570858] [go2_follow_mppi.controller_server]: Passing new path to controller.
[INFO] [1791399864.183504607] [go2_follow_mppi.local_costmap.local_costmap]: StaticLayer: Resizing static layer to 121 X 121 at 0.100000 m/pix
[INFO] [1791399864.441033536] [go2_follow_mppi.controller_server]: Passing new path to controller.
[INFO] [1791399864.582802317] [go2_follow_mppi.local_costmap.local_costmap]: StaticLayer: Resizing static layer to 121 X 121 at 0.100000 m/pix
[INFO] [1791399864.682920368] [go2_follow_mppi.local_costmap.local_costmap]: StaticLayer: Resizing static layer to 121 X 121 at 0.100000 m/pix
[INFO] [1791399864.876091653] [go2_follow_mppi.controller_server]: Passing new path to controller.
[INFO] [1791399864.882855889] [go2_follow_mppi.local_costmap.local_costmap]: StaticLayer: Resizing static layer to 121 X 121 at 0.100000 m/pix
[INFO] [1791399865.182792475] [go2_follow_mppi.local_costmap.local_costmap]: StaticLayer: Resizing static layer to 121 X 121 at 0.100000 m/pix
[INFO] [1791399865.274145965] [go2_follow_mppi.controller_server]: Passing new path to controller.
[INFO] [1791399865.382764173] [go2_follow_mppi.local_costmap.local_costmap]: StaticLayer: Resizing static layer to 121 X 121 at 0.100000 m/pix
[INFO] [1791399865.678097611] [go2_follow_mppi.controller_server]: Passing new path to controller.
[INFO] [1791399865.684261324] [go2_follow_mppi.local_costmap.local_costmap]: StaticLayer: Resizing static layer to 121 X 121 at 0.100000 m/pix
[INFO] [1791399865.882790215] [go2_follow_mppi.local_costmap.local_costmap]: StaticLayer: Resizing static layer to 121 X 121 at 0.100000 m/pix
[INFO] [1791399865.985627582] [go2_follow_mppi.local_costmap.local_costmap]: StaticLayer: Resizing static layer to 121 X 121 at 0.100000 m/pix
[INFO] [1791399866.107476549] [go2_follow_mppi.controller_server]: Passing new path to controller.
[INFO] [1791399866.382805101] [go2_follow_mppi.local_costmap.local_costmap]: StaticLayer: Resizing static layer to 121 X 121 at 0.100000 m/pix
[INFO] [1791399866.474131083] [go2_follow_mppi.controller_server]: Passing new path to controller.
[INFO] [1791399866.582773667] [go2_follow_mppi.local_costmap.local_costmap]: StaticLayer: Resizing static layer to 121 X 121 at 0.100000 m/pix
[INFO] [1791399866.685675419] [go2_follow_mppi.local_costmap.local_costmap]: StaticLayer: Resizing static layer to 121 X 121 at 0.100000 m/pix
[INFO] [1791399866.874620775] [go2_follow_mppi.controller_server]: Passing new path to controller.
[INFO] [1791399866.882813336] [go2_follow_mppi.local_costmap.local_costmap]: StaticLayer: Resizing static layer to 121 X 121 at 0.100000 m/pix
[INFO] [1791399867.082827177] [go2_follow_mppi.local_costmap.local_costmap]: StaticLayer: Resizing static layer to 121 X 121 at 0.100000 m/pix
[INFO] [1791399867.182845217] [go2_follow_mppi.local_costmap.local_costmap]: StaticLayer: Resizing static layer to 121 X 121 at 0.100000 m/pix
[INFO] [1791399867.307547250] [go2_follow_mppi.controller_server]: Passing new path to controller.
[INFO] [1791399867.382807482] [go2_follow_mppi.local_costmap.local_costmap]: StaticLayer: Resizing static layer to 121 X 121 at 0.100000 m/pix
[INFO] [1791399867.582799010] [go2_follow_mppi.local_costmap.local_costmap]: StaticLayer: Resizing static layer to 121 X 121 at 0.100000 m/pix
[INFO] [1791399867.740960192] [go2_follow_mppi.controller_server]: Passing new path to controller.
[INFO] [1791399867.783547880] [go2_follow_mppi.local_costmap.local_costmap]: StaticLayer: Resizing static layer to 121 X 121 at 0.100000 m/pix
[INFO] [1791399867.882809142] [go2_follow_mppi.local_costmap.local_costmap]: StaticLayer: Resizing static layer to 121 X 121 at 0.100000 m/pix
[INFO] [1791399868.084097815] [go2_follow_mppi.local_costmap.local_costmap]: StaticLayer: Resizing static layer to 121 X 121 at 0.100000 m/pix
[INFO] [1791399868.174398792] [go2_follow_mppi.controller_server]: Passing new path to controller.
[INFO] [1791399868.282802342] [go2_follow_mppi.local_costmap.local_costmap]: StaticLayer: Resizing static layer to 121 X 121 at 0.100000 m/pix
[INFO] [1791399868.482818972] [go2_follow_mppi.local_costmap.local_costmap]: StaticLayer: Resizing static layer to 121 X 121 at 0.100000 m/pix
[INFO] [1791399868.541211216] [go2_follow_mppi.controller_server]: Passing new path to controller.
[INFO] [1791399868.582813287] [go2_follow_mppi.local_costmap.local_costmap]: StaticLayer: Resizing static layer to 121 X 121 at 0.100000 m/pix
[INFO] [1791399868.783091454] [go2_follow_mppi.local_costmap.local_costmap]: StaticLayer: Resizing static layer to 121 X 121 at 0.100000 m/pix
[INFO] [1791399868.974300593] [go2_follow_mppi.controller_server]: Passing new path to controller.
[INFO] [1791399868.982809813] [go2_follow_mppi.local_costmap.local_costmap]: StaticLayer: Resizing static layer to 121 X 121 at 0.100000 m/pix
[INFO] [1791399869.182822523] [go2_follow_mppi.local_costmap.local_costmap]: StaticLayer: Resizing static layer to 121 X 121 at 0.100000 m/pix
[INFO] [1791399869.282827899] [go2_follow_mppi.local_costmap.local_costmap]: StaticLayer: Resizing static layer to 121 X 121 at 0.100000 m/pix
[INFO] [1791399869.374224933] [go2_follow_mppi.controller_server]: Passing new path to controller.
[INFO] [1791399869.486423684] [go2_follow_mppi.local_costmap.local_costmap]: StaticLayer: Resizing static layer to 121 X 121 at 0.100000 m/pix
[INFO] [1791399869.582802604] [go2_follow_mppi.local_costmap.local_costmap]: StaticLayer: Resizing static layer to 121 X 121 at 0.100000 m/pix
[INFO] [1791399869.783085291] [go2_follow_mppi.local_costmap.local_costmap]: StaticLayer: Resizing static layer to 121 X 121 at 0.100000 m/pix
[INFO] [1791399869.807782551] [go2_follow_mppi.controller_server]: Passing new path to controller.
[INFO] [1791399869.982814563] [go2_follow_mppi.local_costmap.local_costmap]: StaticLayer: Resizing static layer to 121 X 121 at 0.100000 m/pix
[INFO] [1791399870.083570341] [go2_follow_mppi.local_costmap.local_costmap]: StaticLayer: Resizing static layer to 121 X 121 at 0.100000 m/pix
[INFO] [1791399870.240958884] [go2_follow_mppi.controller_server]: Passing new path to controller.
[INFO] [1791399870.285049195] [go2_follow_mppi.local_costmap.local_costmap]: StaticLayer: Resizing static layer to 121 X 121 at 0.100000 m/pix
[INFO] [1791399870.482801119] [go2_follow_mppi.local_costmap.local_costmap]: StaticLayer: Resizing static layer to 121 X 121 at 0.100000 m/pix
[INFO] [1791399870.582814716] [go2_follow_mppi.local_costmap.local_costmap]: StaticLayer: Resizing static layer to 121 X 121 at 0.100000 m/pix
[INFO] [1791399870.609027481] [go2_follow_mppi.controller_server]: Passing new path to controller.
[INFO] [1791399870.783040383] [go2_follow_mppi.local_costmap.local_costmap]: StaticLayer: Resizing static layer to 121 X 121 at 0.100000 m/pix
[INFO] [1791399870.982823775] [go2_follow_mppi.local_costmap.local_costmap]: StaticLayer: Resizing static layer to 121 X 121 at 0.100000 m/pix
[INFO] [1791399871.042222121] [go2_follow_mppi.controller_server]: Passing new path to controller.
[INFO] [1791399871.183223770] [go2_follow_mppi.local_costmap.local_costmap]: StaticLayer: Resizing static layer to 121 X 121 at 0.100000 m/pix
[INFO] [1791399871.294317611] [go2_follow_mppi.local_costmap.local_costmap]: StaticLayer: Resizing static layer to 121 X 121 at 0.100000 m/pix
[INFO] [1791399871.441240740] [go2_follow_mppi.controller_server]: Passing new path to controller.
[INFO] [1791399871.493426719] [go2_follow_mppi.local_costmap.local_costmap]: StaticLayer: Resizing static layer to 121 X 121 at 0.100000 m/pix
[INFO] [1791399871.594363573] [go2_follow_mppi.local_costmap.local_costmap]: StaticLayer: Resizing static layer to 121 X 121 at 0.100000 m/pix
[INFO] [1791399871.794849043] [go2_follow_mppi.local_costmap.local_costmap]: StaticLayer: Resizing static layer to 121 X 121 at 0.100000 m/pix
[INFO] [1791399871.908274465] [go2_follow_mppi.controller_server]: Passing new path to controller.
[INFO] [1791399871.995534939] [go2_follow_mppi.local_costmap.local_costmap]: StaticLayer: Resizing static layer to 121 X 121 at 0.100000 m/pix
[INFO] [1791399872.091897442] [go2_follow_mppi.local_costmap.local_costmap]: StaticLayer: Resizing static layer to 121 X 121 at 0.100000 m/pix
[INFO] [1791399872.291023416] [go2_follow_mppi.local_costmap.local_costmap]: StaticLayer: Resizing static layer to 121 X 121 at 0.100000 m/pix
[INFO] [1791399872.308285376] [go2_follow_mppi.controller_server]: Passing new path to controller.
[INFO] [1791399872.494267654] [go2_follow_mppi.local_costmap.local_costmap]: StaticLayer: Resizing static layer to 121 X 121 at 0.100000 m/pix
[INFO] [1791399872.683795207] [go2_follow_mppi.local_costmap.local_costmap]: StaticLayer: Resizing static layer to 121 X 121 at 0.100000 m/pix
[INFO] [1791399872.785527820] [go2_follow_mppi.local_costmap.local_costmap]: StaticLayer: Resizing static layer to 121 X 121 at 0.100000 m/pix
[INFO] [1791399872.808768016] [go2_follow_mppi.controller_server]: Passing new path to controller.
[INFO] [1791399872.982840656] [go2_follow_mppi.local_costmap.local_costmap]: StaticLayer: Resizing static layer to 121 X 121 at 0.100000 m/pix
[INFO] [1791399873.174641640] [go2_follow_mppi.controller_server]: Passing new path to controller.
[INFO] [1791399873.282822466] [go2_follow_mppi.local_costmap.local_costmap]: StaticLayer: Resizing static layer to 121 X 121 at 0.100000 m/pix
[INFO] [1791399873.482821446] [go2_follow_mppi.local_costmap.local_costmap]: StaticLayer: Resizing static layer to 121 X 121 at 0.100000 m/pix
[INFO] [1791399873.641503947] [go2_follow_mppi.controller_server]: Passing new path to controller.
[INFO] [1791399873.682793937] [go2_follow_mppi.local_costmap.local_costmap]: StaticLayer: Resizing static layer to 121 X 121 at 0.100000 m/pix
[INFO] [1791399873.782813586] [go2_follow_mppi.local_costmap.local_costmap]: StaticLayer: Resizing static layer to 121 X 121 at 0.100000 m/pix
[INFO] [1791399873.984422160] [go2_follow_mppi.local_costmap.local_costmap]: StaticLayer: Resizing static layer to 121 X 121 at 0.100000 m/pix
[INFO] [1791399874.007815385] [go2_follow_mppi.controller_server]: Passing new path to controller.
[INFO] [1791399874.182777396] [go2_follow_mppi.local_costmap.local_costmap]: StaticLayer: Resizing static layer to 121 X 121 at 0.100000 m/pix
[INFO] [1791399874.284539520] [go2_follow_mppi.local_costmap.local_costmap]: StaticLayer: Resizing static layer to 121 X 121 at 0.100000 m/pix
[INFO] [1791399874.407472593] [go2_follow_mppi.controller_server]: Passing new path to controller.
[INFO] [1791399872.521456286] [go2_follow_mppi.local_costmap.local_costmap]: StaticLayer: Resizing static layer to 121 X 121 at 0.100000 m/pix
[INFO] [1791399872.727021487] [go2_follow_mppi.local_costmap.local_costmap]: StaticLayer: Resizing static layer to 121 X 121 at 0.100000 m/pix
[INFO] [1791399872.905110410] [go2_follow_mppi.controller_server]: Passing new path to controller.
[INFO] [1791399872.917560106] [go2_follow_mppi.local_costmap.local_costmap]: StaticLayer: Resizing static layer to 121 X 121 at 0.100000 m/pix
[INFO] [1791399873.021033650] [go2_follow_mppi.local_costmap.local_costmap]: StaticLayer: Resizing static layer to 121 X 121 at 0.100000 m/pix
[INFO] [1791399873.216602006] [go2_follow_mppi.local_costmap.local_costmap]: StaticLayer: Resizing static layer to 121 X 121 at 0.100000 m/pix
[INFO] [1791399873.271780474] [go2_follow_mppi.controller_server]: Passing new path to controller.
[INFO] [1791399873.313745279] [go2_follow_mppi.local_costmap.local_costmap]: StaticLayer: Resizing static layer to 121 X 121 at 0.100000 m/pix
[INFO] [1791399873.516983215] [go2_follow_mppi.local_costmap.local_costmap]: StaticLayer: Resizing static layer to 121 X 121 at 0.100000 m/pix
[INFO] [1791399873.614102353] [go2_follow_mppi.local_costmap.local_costmap]: StaticLayer: Resizing static layer to 121 X 121 at 0.100000 m/pix
[INFO] [1791399873.739119764] [go2_follow_mppi.controller_server]: Passing new path to controller.
[INFO] [1791399873.813737352] [go2_follow_mppi.local_costmap.local_costmap]: StaticLayer: Resizing static layer to 121 X 121 at 0.100000 m/pix
[INFO] [1791399874.020309638] [go2_follow_mppi.local_costmap.local_costmap]: StaticLayer: Resizing static layer to 121 X 121 at 0.100000 m/pix
[INFO] [1791399874.105091891] [go2_follow_mppi.controller_server]: Passing new path to controller.
[INFO] [1791399874.216703302] [go2_follow_mppi.local_costmap.local_costmap]: StaticLayer: Resizing static layer to 121 X 121 at 0.100000 m/pix
[INFO] [1791399874.327711812] [go2_follow_mppi.local_costmap.local_costmap]: StaticLayer: Resizing static layer to 121 X 121 at 0.100000 m/pix
[INFO] [1791399874.471768053] [go2_follow_mppi.controller_server]: Passing new path to controller.
[INFO] [1791399874.528896163] [go2_follow_mppi.local_costmap.local_costmap]: StaticLayer: Resizing static layer to 121 X 121 at 0.100000 m/pix
[INFO] [1791399874.733411800] [go2_follow_mppi.local_costmap.local_costmap]: StaticLayer: Resizing static layer to 121 X 121 at 0.100000 m/pix
[INFO] [1791399874.829796727] [go2_follow_mppi.local_costmap.local_costmap]: StaticLayer: Resizing static layer to 121 X 121 at 0.100000 m/pix
[INFO] [1791399874.938447590] [go2_follow_mppi.controller_server]: Passing new path to controller.
[INFO] [1791399875.031494439] [go2_follow_mppi.local_costmap.local_costmap]: StaticLayer: Resizing static layer to 121 X 121 at 0.100000 m/pix
[INFO] [1791399875.127045395] [go2_follow_mppi.local_costmap.local_costmap]: StaticLayer: Resizing static layer to 121 X 121 at 0.100000 m/pix
[INFO] [1791399875.317825975] [go2_follow_mppi.local_costmap.local_costmap]: StaticLayer: Resizing static layer to 121 X 121 at 0.100000 m/pix
[INFO] [1791399875.338710245] [go2_follow_mppi.controller_server]: Passing new path to controller.
[INFO] [1791399875.518749254] [go2_follow_mppi.local_costmap.local_costmap]: StaticLayer: Resizing static layer to 121 X 121 at 0.100000 m/pix
[INFO] [1791399875.717215275] [go2_follow_mppi.local_costmap.local_costmap]: StaticLayer: Resizing static layer to 121 X 121 at 0.100000 m/pix
[INFO] [1791399875.772133666] [go2_follow_mppi.controller_server]: Passing new path to controller.
[INFO] [1791399875.813747275] [go2_follow_mppi.local_costmap.local_costmap]: StaticLayer: Resizing static layer to 121 X 121 at 0.100000 m/pix
[INFO] [1791399876.013755006] [go2_follow_mppi.local_costmap.local_costmap]: StaticLayer: Resizing static layer to 121 X 121 at 0.100000 m/pix
[INFO] [1791399876.138446946] [go2_follow_mppi.controller_server]: Passing new path to controller.
[INFO] [1791399876.213748753] [go2_follow_mppi.local_costmap.local_costmap]: StaticLayer: Resizing static layer to 121 X 121 at 0.100000 m/pix
[INFO] [1791399876.517244110] [go2_follow_mppi.local_costmap.local_costmap]: StaticLayer: Resizing static layer to 121 X 121 at 0.100000 m/pix
[INFO] [1791399876.571809840] [go2_follow_mppi.controller_server]: Passing new path to controller.
[INFO] [1791399876.713762608] [go2_follow_mppi.local_costmap.local_costmap]: StaticLayer: Resizing static layer to 121 X 121 at 0.100000 m/pix
[INFO] [1791399876.971814347] [go2_follow_mppi.controller_server]: Passing new path to controller.
[INFO] [1791399877.013759218] [go2_follow_mppi.local_costmap.local_costmap]: StaticLayer: Resizing static layer to 121 X 121 at 0.100000 m/pix
[INFO] [1791399877.213749356] [go2_follow_mppi.local_costmap.local_costmap]: StaticLayer: Resizing static layer to 121 X 121 at 0.100000 m/pix
[INFO] [1791399877.313756019] [go2_follow_mppi.local_costmap.local_costmap]: StaticLayer: Resizing static layer to 121 X 121 at 0.100000 m/pix
[INFO] [1791399877.338573242] [go2_follow_mppi.controller_server]: Passing new path to controller.
[INFO] [1791399877.514183090] [go2_follow_mppi.local_costmap.local_costmap]: StaticLayer: Resizing static layer to 121 X 121 at 0.100000 m/pix
[INFO] [1791399877.717205331] [go2_follow_mppi.local_costmap.local_costmap]: StaticLayer: Resizing static layer to 121 X 121 at 0.100000 m/pix
[INFO] [1791399877.805490177] [go2_follow_mppi.controller_server]: Passing new path to controller.
[INFO] [1791399878.013784808] [go2_follow_mppi.local_costmap.local_costmap]: StaticLayer: Resizing static layer to 121 X 121 at 0.100000 m/pix
[INFO] [1791399878.205073452] [go2_follow_mppi.controller_server]: Passing new path to controller.
[INFO] [1791399878.213763783] [go2_follow_mppi.local_costmap.local_costmap]: StaticLayer: Resizing static layer to 121 X 121 at 0.100000 m/pix
[INFO] [1791399878.313835828] [go2_follow_mppi.local_costmap.local_costmap]: StaticLayer: Resizing static layer to 121 X 121 at 0.100000 m/pix
[INFO] [1791399878.513823875] [go2_follow_mppi.local_costmap.local_costmap]: StaticLayer: Resizing static layer to 121 X 121 at 0.100000 m/pix
[INFO] [1791399878.605159560] [go2_follow_mppi.controller_server]: Passing new path to controller.
[INFO] [1791399878.713883185] [go2_follow_mppi.local_costmap.local_costmap]: StaticLayer: Resizing static layer to 121 X 121 at 0.100000 m/pix
[INFO] [1791399879.013757642] [go2_follow_mppi.local_costmap.local_costmap]: StaticLayer: Resizing static layer to 121 X 121 at 0.100000 m/pix
[INFO] [1791399879.038449414] [go2_follow_mppi.controller_server]: Passing new path to controller.
[INFO] [1791399879.113769269] [go2_follow_mppi.local_costmap.local_costmap]: StaticLayer: Resizing static layer to 121 X 121 at 0.100000 m/pix
[INFO] [1791399879.314002135] [go2_follow_mppi.local_costmap.local_costmap]: StaticLayer: Resizing static layer to 121 X 121 at 0.100000 m/pix
[INFO] [1791399879.471828453] [go2_follow_mppi.controller_server]: Passing new path to controller.
[INFO] [1791399879.513806584] [go2_follow_mppi.local_costmap.local_costmap]: StaticLayer: Resizing static layer to 121 X 121 at 0.100000 m/pix
[INFO] [1791399879.716006501] [go2_follow_mppi.local_costmap.local_costmap]: StaticLayer: Resizing static layer to 121 X 121 at 0.100000 m/pix
[INFO] [1791399879.816786573] [go2_follow_mppi.local_costmap.local_costmap]: StaticLayer: Resizing static layer to 121 X 121 at 0.100000 m/pix
[INFO] [1791399879.905463575] [go2_follow_mppi.controller_server]: Passing new path to controller.
[INFO] [1791399880.016490249] [go2_follow_mppi.local_costmap.local_costmap]: StaticLayer: Resizing static layer to 121 X 121 at 0.100000 m/pix
[INFO] [1791399880.124130705] [go2_follow_mppi.local_costmap.local_costmap]: StaticLayer: Resizing static layer to 121 X 121 at 0.100000 m/pix
[INFO] [1791399880.238572970] [go2_follow_mppi.controller_server]: Passing new path to controller.
[INFO] [1791399880.330944931] [go2_follow_mppi.local_costmap.local_costmap]: StaticLayer: Resizing static layer to 121 X 121 at 0.100000 m/pix
[INFO] [1791399880.426915103] [go2_follow_mppi.local_costmap.local_costmap]: StaticLayer: Resizing static layer to 121 X 121 at 0.100000 m/pix
[WARN] [1791399880.548902402] [go2_follow_mppi.controller_server]: Control loop missed its desired rate of 30.0000Hz
[WARN] [1791399880.578001554] [go2_follow_mppi.controller_server]: Control loop missed its desired rate of 30.0000Hz
[INFO] [1791399880.631219706] [go2_follow_mppi.local_costmap.local_costmap]: StaticLayer: Resizing static layer to 121 X 121 at 0.100000 m/pix
[INFO] [1791399880.738465208] [go2_follow_mppi.controller_server]: Passing new path to controller.
[INFO] [1791399880.828700190] [go2_follow_mppi.local_costmap.local_costmap]: StaticLayer: Resizing static layer to 121 X 121 at 0.100000 m/pix
[INFO] [1791399881.032467918] [go2_follow_mppi.local_costmap.local_costmap]: StaticLayer: Resizing static layer to 121 X 121 at 0.100000 m/pix
[INFO] [1791399881.138671757] [go2_follow_mppi.controller_server]: Passing new path to controller.
[INFO] [1791399881.221406560] [go2_follow_mppi.local_costmap.local_costmap]: StaticLayer: Resizing static layer to 121 X 121 at 0.100000 m/pix
[INFO] [1791399881.319509429] [go2_follow_mppi.local_costmap.local_costmap]: StaticLayer: Resizing static layer to 121 X 121 at 0.100000 m/pix
[INFO] [1791399881.513801446] [go2_follow_mppi.local_costmap.local_costmap]: StaticLayer: Resizing static layer to 121 X 121 at 0.100000 m/pix
[INFO] [1791399881.605496712] [go2_follow_mppi.controller_server]: Passing new path to controller.
[INFO] [1791399881.717236200] [go2_follow_mppi.local_costmap.local_costmap]: StaticLayer: Resizing static layer to 121 X 121 at 0.100000 m/pix
[INFO] [1791399881.913755170] [go2_follow_mppi.local_costmap.local_costmap]: StaticLayer: Resizing static layer to 121 X 121 at 0.100000 m/pix
[INFO] [1791399881.971921485] [go2_follow_mppi.controller_server]: Passing new path to controller.
[INFO] [1791399882.013774735] [go2_follow_mppi.local_costmap.local_costmap]: StaticLayer: Resizing static layer to 121 X 121 at 0.100000 m/pix
[INFO] [1791399882.213753094] [go2_follow_mppi.local_costmap.local_costmap]: StaticLayer: Resizing static layer to 121 X 121 at 0.100000 m/pix
[INFO] [1791399882.313826661] [go2_follow_mppi.local_costmap.local_costmap]: StaticLayer: Resizing static layer to 121 X 121 at 0.100000 m/pix
[INFO] [1791399882.372189954] [go2_follow_mppi.controller_server]: Passing new path to controller.
[INFO] [1791399882.513882541] [go2_follow_mppi.local_costmap.local_costmap]: StaticLayer: Resizing static layer to 121 X 121 at 0.100000 m/pix
[INFO] [1791399882.717366646] [go2_follow_mppi.local_costmap.local_costmap]: StaticLayer: Resizing static layer to 121 X 121 at 0.100000 m/pix
[INFO] [1791399882.839213441] [go2_follow_mppi.controller_server]: Passing new path to controller.
[INFO] [1791399882.913749152] [go2_follow_mppi.local_costmap.local_costmap]: StaticLayer: Resizing static layer to 121 X 121 at 0.100000 m/pix
[INFO] [1791399883.013786082] [go2_follow_mppi.local_costmap.local_costmap]: StaticLayer: Resizing static layer to 121 X 121 at 0.100000 m/pix
[INFO] [1791399883.213785402] [go2_follow_mppi.local_costmap.local_costmap]: StaticLayer: Resizing static layer to 121 X 121 at 0.100000 m/pix
[INFO] [1791399883.313765725] [go2_follow_mppi.local_costmap.local_costmap]: StaticLayer: Resizing static layer to 121 X 121 at 0.100000 m/pix
[INFO] [1791399883.338918045] [go2_follow_mppi.controller_server]: Passing new path to controller.
[INFO] [1791399883.515453289] [go2_follow_mppi.local_costmap.local_costmap]: StaticLayer: Resizing static layer to 121 X 121 at 0.100000 m/pix
[INFO] [1791399883.705457917] [go2_follow_mppi.controller_server]: Passing new path to controller.
[INFO] [1791399883.713838692] [go2_follow_mppi.local_costmap.local_costmap]: StaticLayer: Resizing static layer to 121 X 121 at 0.100000 m/pix
[INFO] [1791399883.814177825] [go2_follow_mppi.local_costmap.local_costmap]: StaticLayer: Resizing static layer to 121 X 121 at 0.100000 m/pix
[INFO] [1791399884.014456569] [go2_follow_mppi.local_costmap.local_costmap]: StaticLayer: Resizing static layer to 121 X 121 at 0.100000 m/pix
[INFO] [1791399884.171992270] [go2_follow_mppi.controller_server]: Passing new path to controller.
[INFO] [1791399884.215154216] [go2_follow_mppi.local_costmap.local_costmap]: StaticLayer: Resizing static layer to 121 X 121 at 0.100000 m/pix
[INFO] [1791399884.414122291] [go2_follow_mppi.local_costmap.local_costmap]: StaticLayer: Resizing static layer to 121 X 121 at 0.100000 m/pix
[INFO] [1791399884.515175399] [go2_follow_mppi.local_costmap.local_costmap]: StaticLayer: Resizing static layer to 121 X 121 at 0.100000 m/pix
[INFO] [1791399884.673042059] [go2_follow_mppi.controller_server]: Passing new path to controller.
[INFO] [1791399884.913767271] [go2_follow_mppi.local_costmap.local_costmap]: StaticLayer: Resizing static layer to 121 X 121 at 0.100000 m/pix
[INFO] [1791399885.005365242] [go2_follow_mppi.controller_server]: Passing new path to controller.
[INFO] [1791399885.113792166] [go2_follow_mppi.local_costmap.local_costmap]: StaticLayer: Resizing static layer to 121 X 121 at 0.100000 m/pix
[INFO] [1791399885.213793716] [go2_follow_mppi.local_costmap.local_costmap]: StaticLayer: Resizing static layer to 121 X 121 at 0.100000 m/pix
[INFO] [1791399885.313781582] [go2_follow_mppi.local_costmap.local_costmap]: StaticLayer: Resizing static layer to 121 X 121 at 0.100000 m/pix
[INFO] [1791399885.438557209] [go2_follow_mppi.controller_server]: Passing new path to controller.
[INFO] [1791399885.613784692] [go2_follow_mppi.local_costmap.local_costmap]: StaticLayer: Resizing static layer to 121 X 121 at 0.100000 m/pix
[INFO] [1791399885.713763376] [go2_follow_mppi.local_costmap.local_costmap]: StaticLayer: Resizing static layer to 121 X 121 at 0.100000 m/pix
[INFO] [1791399885.839838085] [go2_follow_mppi.controller_server]: Passing new path to controller.
[INFO] [1791399885.913784425] [go2_follow_mppi.local_costmap.local_costmap]: StaticLayer: Resizing static layer to 121 X 121 at 0.100000 m/pix
[INFO] [1791399886.013786888] [go2_follow_mppi.local_costmap.local_costmap]: StaticLayer: Resizing static layer to 121 X 121 at 0.100000 m/pix
[INFO] [1791399886.213793433] [go2_follow_mppi.local_costmap.local_costmap]: StaticLayer: Resizing static layer to 121 X 121 at 0.100000 m/pix
[INFO] [1791399886.271779142] [go2_follow_mppi.controller_server]: Passing new path to controller.
[INFO] [1791399886.313760655] [go2_follow_mppi.local_costmap.local_costmap]: StaticLayer: Resizing static layer to 121 X 121 at 0.100000 m/pix
[INFO] [1791399886.513771336] [go2_follow_mppi.local_costmap.local_costmap]: StaticLayer: Resizing static layer to 121 X 121 at 0.100000 m/pix
[INFO] [1791399886.714165604] [go2_follow_mppi.local_costmap.local_costmap]: StaticLayer: Resizing static layer to 121 X 121 at 0.100000 m/pix
[INFO] [1791399886.739230199] [go2_follow_mppi.controller_server]: Passing new path to controller.
[INFO] [1791399886.813798695] [go2_follow_mppi.local_costmap.local_costmap]: StaticLayer: Resizing static layer to 121 X 121 at 0.100000 m/pix
[INFO] [1791399887.013750431] [go2_follow_mppi.local_costmap.local_costmap]: StaticLayer: Resizing static layer to 121 X 121 at 0.100000 m/pix
[INFO] [1791399887.105104033] [go2_follow_mppi.controller_server]: Passing new path to controller.
[INFO] [1791399887.214121644] [go2_follow_mppi.local_costmap.local_costmap]: StaticLayer: Resizing static layer to 121 X 121 at 0.100000 m/pix
[INFO] [1791399887.313798903] [go2_follow_mppi.local_costmap.local_costmap]: StaticLayer: Resizing static layer to 121 X 121 at 0.100000 m/pix
[INFO] [1791399887.514113026] [go2_follow_mppi.local_costmap.local_costmap]: StaticLayer: Resizing static layer to 121 X 121 at 0.100000 m/pix
[INFO] [1791399887.571978372] [go2_follow_mppi.controller_server]: Passing new path to controller.
[INFO] [1791399887.713832544] [go2_follow_mppi.local_costmap.local_costmap]: StaticLayer: Resizing static layer to 121 X 121 at 0.100000 m/pix
[INFO] [1791399887.914114931] [go2_follow_mppi.local_costmap.local_costmap]: StaticLayer: Resizing static layer to 121 X 121 at 0.100000 m/pix
[INFO] [1791399887.939229239] [go2_follow_mppi.controller_server]: Passing new path to controller.
[INFO] [1791399888.113794890] [go2_follow_mppi.local_costmap.local_costmap]: StaticLayer: Resizing static layer to 121 X 121 at 0.100000 m/pix
[INFO] [1791399888.340179294] [go2_follow_mppi.controller_server]: Passing new path to controller.
[INFO] [1791399888.413778299] [go2_follow_mppi.local_costmap.local_costmap]: StaticLayer: Resizing static layer to 121 X 121 at 0.100000 m/pix
[INFO] [1791399888.513808645] [go2_follow_mppi.local_costmap.local_costmap]: StaticLayer: Resizing static layer to 121 X 121 at 0.100000 m/pix
[INFO] [1791399888.714487064] [go2_follow_mppi.local_costmap.local_costmap]: StaticLayer: Resizing static layer to 121 X 121 at 0.100000 m/pix
[INFO] [1791399888.805766695] [go2_follow_mppi.controller_server]: Passing new path to controller.
[INFO] [1791399888.913756568] [go2_follow_mppi.local_costmap.local_costmap]: StaticLayer: Resizing static layer to 121 X 121 at 0.100000 m/pix
[INFO] [1791399889.013778148] [go2_follow_mppi.local_costmap.local_costmap]: StaticLayer: Resizing static layer to 121 X 121 at 0.100000 m/pix
[INFO] [1791399889.171984503] [go2_follow_mppi.controller_server]: Passing new path to controller.
[INFO] [1791399889.213746284] [go2_follow_mppi.local_costmap.local_costmap]: StaticLayer: Resizing static layer to 121 X 121 at 0.100000 m/pix
[INFO] [1791399889.414115671] [go2_follow_mppi.local_costmap.local_costmap]: StaticLayer: Resizing static layer to 121 X 121 at 0.100000 m/pix
[INFO] [1791399889.513781222] [go2_follow_mppi.local_costmap.local_costmap]: StaticLayer: Resizing static layer to 121 X 121 at 0.100000 m/pix
[INFO] [1791399889.538549308] [go2_follow_mppi.controller_server]: Passing new path to controller.
[INFO] [1791399889.713837352] [go2_follow_mppi.local_costmap.local_costmap]: StaticLayer: Resizing static layer to 121 X 121 at 0.100000 m/pix
[INFO] [1791399889.913793621] [go2_follow_mppi.local_costmap.local_costmap]: StaticLayer: Resizing static layer to 121 X 121 at 0.100000 m/pix
[INFO] [1791399890.006447281] [go2_follow_mppi.controller_server]: Passing new path to controller.
[INFO] [1791399890.113784958] [go2_follow_mppi.local_costmap.local_costmap]: StaticLayer: Resizing static layer to 121 X 121 at 0.100000 m/pix
[INFO] [1791399890.213810252] [go2_follow_mppi.local_costmap.local_costmap]: StaticLayer: Resizing static layer to 121 X 121 at 0.100000 m/pix
[INFO] [1791399890.405440185] [go2_follow_mppi.controller_server]: Passing new path to controller.
[INFO] [1791399890.413775088] [go2_follow_mppi.local_costmap.local_costmap]: StaticLayer: Resizing static layer to 121 X 121 at 0.100000 m/pix
[INFO] [1791399890.613760888] [go2_follow_mppi.local_costmap.local_costmap]: StaticLayer: Resizing static layer to 121 X 121 at 0.100000 m/pix
[INFO] [1791399890.713786967] [go2_follow_mppi.local_costmap.local_costmap]: StaticLayer: Resizing static layer to 121 X 121 at 0.100000 m/pix
[INFO] [1791399890.838879565] [go2_follow_mppi.controller_server]: Passing new path to controller.
[INFO] [1791399890.913783515] [go2_follow_mppi.local_costmap.local_costmap]: StaticLayer: Resizing static layer to 121 X 121 at 0.100000 m/pix
[INFO] [1791399891.013780311] [go2_follow_mppi.local_costmap.local_costmap]: StaticLayer: Resizing static layer to 121 X 121 at 0.100000 m/pix
[INFO] [1791399891.213758362] [go2_follow_mppi.local_costmap.local_costmap]: StaticLayer: Resizing static layer to 121 X 121 at 0.100000 m/pix
[INFO] [1791399891.273635906] [go2_follow_mppi.controller_server]: Passing new path to controller.
[INFO] [1791399891.413782648] [go2_follow_mppi.local_costmap.local_costmap]: StaticLayer: Resizing static layer to 121 X 121 at 0.100000 m/pix
[INFO] [1791399891.613761720] [go2_follow_mppi.local_costmap.local_costmap]: StaticLayer: Resizing static layer to 121 X 121 at 0.100000 m/pix
[INFO] [1791399891.672627843] [go2_follow_mppi.controller_server]: Passing new path to controller.
[INFO] [1791399891.813773370] [go2_follow_mppi.local_costmap.local_costmap]: StaticLayer: Resizing static layer to 121 X 121 at 0.100000 m/pix
[INFO] [1791399891.913786028] [go2_follow_mppi.local_costmap.local_costmap]: StaticLayer: Resizing static layer to 121 X 121 at 0.100000 m/pix
[INFO] [1791399892.071967170] [go2_follow_mppi.controller_server]: Passing new path to controller.
[INFO] [1791399892.113768473] [go2_follow_mppi.local_costmap.local_costmap]: StaticLayer: Resizing static layer to 121 X 121 at 0.100000 m/pix
[INFO] [1791399892.213795828] [go2_follow_mppi.local_costmap.local_costmap]: StaticLayer: Resizing static layer to 121 X 121 at 0.100000 m/pix
[INFO] [1791399892.414781628] [go2_follow_mppi.local_costmap.local_costmap]: StaticLayer: Resizing static layer to 121 X 121 at 0.100000 m/pix
[INFO] [1791399892.438526794] [go2_follow_mppi.controller_server]: Passing new path to controller.
[INFO] [1791399892.613760254] [go2_follow_mppi.local_costmap.local_costmap]: StaticLayer: Resizing static layer to 121 X 121 at 0.100000 m/pix
[INFO] [1791399892.813805867] [go2_follow_mppi.local_costmap.local_costmap]: StaticLayer: Resizing static layer to 121 X 121 at 0.100000 m/pix
[INFO] [1791399892.914949388] [go2_follow_mppi.local_costmap.local_costmap]: StaticLayer: Resizing static layer to 121 X 121 at 0.100000 m/pix
[INFO] [1791399892.940509202] [go2_follow_mppi.controller_server]: Passing new path to controller.
[INFO] [1791399893.113780176] [go2_follow_mppi.local_costmap.local_costmap]: StaticLayer: Resizing static layer to 121 X 121 at 0.100000 m/pix
[INFO] [1791399893.213776802] [go2_follow_mppi.local_costmap.local_costmap]: StaticLayer: Resizing static layer to 121 X 121 at 0.100000 m/pix
[INFO] [1791399893.305397859] [go2_follow_mppi.controller_server]: Passing new path to controller.
[INFO] [1791399893.414108696] [go2_follow_mppi.local_costmap.local_costmap]: StaticLayer: Resizing static layer to 121 X 121 at 0.100000 m/pix
[INFO] [1791399893.513763556] [go2_follow_mppi.local_costmap.local_costmap]: StaticLayer: Resizing static layer to 121 X 121 at 0.100000 m/pix
[INFO] [1791399893.713853010] [go2_follow_mppi.local_costmap.local_costmap]: StaticLayer: Resizing static layer to 121 X 121 at 0.100000 m/pix
[INFO] [1791399893.738565275] [go2_follow_mppi.controller_server]: Passing new path to controller.
[INFO] [1791399893.913803885] [go2_follow_mppi.local_costmap.local_costmap]: StaticLayer: Resizing static layer to 121 X 121 at 0.100000 m/pix
[INFO] [1791399894.113787959] [go2_follow_mppi.local_costmap.local_costmap]: StaticLayer: Resizing static layer to 121 X 121 at 0.100000 m/pix
[INFO] [1791399894.205749124] [go2_follow_mppi.controller_server]: Passing new path to controller.
[INFO] [1791399894.213782972] [go2_follow_mppi.local_costmap.local_costmap]: StaticLayer: Resizing static layer to 121 X 121 at 0.100000 m/pix
[INFO] [1791399894.413793300] [go2_follow_mppi.local_costmap.local_costmap]: StaticLayer: Resizing static layer to 121 X 121 at 0.100000 m/pix
[INFO] [1791399894.513797956] [go2_follow_mppi.local_costmap.local_costmap]: StaticLayer: Resizing static layer to 121 X 121 at 0.100000 m/pix
[INFO] [1791399894.571970350] [go2_follow_mppi.controller_server]: Passing new path to controller.
[INFO] [1791399894.713823902] [go2_follow_mppi.local_costmap.local_costmap]: StaticLayer: Resizing static layer to 121 X 121 at 0.100000 m/pix
[INFO] [1791399894.913797037] [go2_follow_mppi.local_costmap.local_costmap]: StaticLayer: Resizing static layer to 121 X 121 at 0.100000 m/pix
[INFO] [1791399895.013794472] [go2_follow_mppi.local_costmap.local_costmap]: StaticLayer: Resizing static layer to 121 X 121 at 0.100000 m/pix
[INFO] [1791399895.038437338] [go2_follow_mppi.controller_server]: Passing new path to controller.
[INFO] [1791399895.213815274] [go2_follow_mppi.local_costmap.local_costmap]: StaticLayer: Resizing static layer to 121 X 121 at 0.100000 m/pix
[INFO] [1791399895.405318284] [go2_follow_mppi.controller_server]: Passing new path to controller.
[INFO] [1791399895.414105869] [go2_follow_mppi.local_costmap.local_costmap]: StaticLayer: Resizing static layer to 121 X 121 at 0.100000 m/pix
[INFO] [1791399895.513797886] [go2_follow_mppi.local_costmap.local_costmap]: StaticLayer: Resizing static layer to 121 X 121 at 0.100000 m/pix
[INFO] [1791399895.713790553] [go2_follow_mppi.local_costmap.local_costmap]: StaticLayer: Resizing static layer to 121 X 121 at 0.100000 m/pix
[INFO] [1791399895.838526876] [go2_follow_mppi.controller_server]: Passing new path to controller.
[INFO] [1791399895.913783019] [go2_follow_mppi.local_costmap.local_costmap]: StaticLayer: Resizing static layer to 121 X 121 at 0.100000 m/pix
[INFO] [1791399896.113798495] [go2_follow_mppi.local_costmap.local_costmap]: StaticLayer: Resizing static layer to 121 X 121 at 0.100000 m/pix
[INFO] [1791399896.213777045] [go2_follow_mppi.local_costmap.local_costmap]: StaticLayer: Resizing static layer to 121 X 121 at 0.100000 m/pix
[INFO] [1791399896.307094579] [go2_follow_mppi.controller_server]: Passing new path to controller.
[INFO] [1791399896.413776083] [go2_follow_mppi.local_costmap.local_costmap]: StaticLayer: Resizing static layer to 121 X 121 at 0.100000 m/pix
[INFO] [1791399896.513819163] [go2_follow_mppi.local_costmap.local_costmap]: StaticLayer: Resizing static layer to 121 X 121 at 0.100000 m/pix
[INFO] [1791399896.671973557] [go2_follow_mppi.controller_server]: Passing new path to controller.
[INFO] [1791399896.815153713] [go2_follow_mppi.local_costmap.local_costmap]: StaticLayer: Resizing static layer to 121 X 121 at 0.100000 m/pix
[INFO] [1791399897.015491028] [go2_follow_mppi.local_costmap.local_costmap]: StaticLayer: Resizing static layer to 121 X 121 at 0.100000 m/pix
[INFO] [1791399897.072298170] [go2_follow_mppi.controller_server]: Passing new path to controller.
[INFO] [1791399897.213778366] [go2_follow_mppi.local_costmap.local_costmap]: StaticLayer: Resizing static layer to 121 X 121 at 0.100000 m/pix
[INFO] [1791399897.413792232] [go2_follow_mppi.local_costmap.local_costmap]: StaticLayer: Resizing static layer to 121 X 121 at 0.100000 m/pix
[INFO] [1791399897.471966102] [go2_follow_mppi.controller_server]: Passing new path to controller.
[INFO] [1791399897.513835320] [go2_follow_mppi.local_costmap.local_costmap]: StaticLayer: Resizing static layer to 121 X 121 at 0.100000 m/pix
[INFO] [1791399897.713842262] [go2_follow_mppi.local_costmap.local_costmap]: StaticLayer: Resizing static layer to 121 X 121 at 0.100000 m/pix
[INFO] [1791399897.905339117] [go2_follow_mppi.controller_server]: Passing new path to controller.
[INFO] [1791399897.914042108] [go2_follow_mppi.local_costmap.local_costmap]: StaticLayer: Resizing static layer to 121 X 121 at 0.100000 m/pix
[INFO] [1791399898.013795720] [go2_follow_mppi.local_costmap.local_costmap]: StaticLayer: Resizing static layer to 121 X 121 at 0.100000 m/pix
[INFO] [1791399898.305427246] [go2_follow_mppi.controller_server]: Passing new path to controller.
[INFO] [1791399898.414768027] [go2_follow_mppi.local_costmap.local_costmap]: StaticLayer: Resizing static layer to 121 X 121 at 0.100000 m/pix
[INFO] [1791399898.613778118] [go2_follow_mppi.local_costmap.local_costmap]: StaticLayer: Resizing static layer to 121 X 121 at 0.100000 m/pix
[INFO] [1791399898.713800871] [go2_follow_mppi.local_costmap.local_costmap]: StaticLayer: Resizing static layer to 121 X 121 at 0.100000 m/pix
[INFO] [1791399898.771994534] [go2_follow_mppi.controller_server]: Passing new path to controller.
[INFO] [1791399898.913776305] [go2_follow_mppi.local_costmap.local_costmap]: StaticLayer: Resizing static layer to 121 X 121 at 0.100000 m/pix
[INFO] [1791399899.013805116] [go2_follow_mppi.local_costmap.local_costmap]: StaticLayer: Resizing static layer to 121 X 121 at 0.100000 m/pix
[INFO] [1791399899.206430795] [go2_follow_mppi.controller_server]: Passing new path to controller.
[INFO] [1791399899.214091371] [go2_follow_mppi.local_costmap.local_costmap]: StaticLayer: Resizing static layer to 121 X 121 at 0.100000 m/pix
[INFO] [1791399899.415815276] [go2_follow_mppi.local_costmap.local_costmap]: StaticLayer: Resizing static layer to 121 X 121 at 0.100000 m/pix
[INFO] [1791399899.513765043] [go2_follow_mppi.local_costmap.local_costmap]: StaticLayer: Resizing static layer to 121 X 121 at 0.100000 m/pix
[INFO] [1791399899.605349092] [go2_follow_mppi.controller_server]: Passing new path to controller.
[INFO] [1791399899.714811440] [go2_follow_mppi.local_costmap.local_costmap]: StaticLayer: Resizing static layer to 121 X 121 at 0.100000 m/pix
[INFO] [1791399899.914116580] [go2_follow_mppi.local_costmap.local_costmap]: StaticLayer: Resizing static layer to 121 X 121 at 0.100000 m/pix
[INFO] [1791399900.038532117] [go2_follow_mppi.controller_server]: Passing new path to controller.
[INFO] [1791399900.113775585] [go2_follow_mppi.local_costmap.local_costmap]: StaticLayer: Resizing static layer to 121 X 121 at 0.100000 m/pix
[INFO] [1791399900.213802644] [go2_follow_mppi.local_costmap.local_costmap]: StaticLayer: Resizing static layer to 121 X 121 at 0.100000 m/pix
[INFO] [1791399900.413779639] [go2_follow_mppi.local_costmap.local_costmap]: StaticLayer: Resizing static layer to 121 X 121 at 0.100000 m/pix
[INFO] [1791399900.472298944] [go2_follow_mppi.controller_server]: Passing new path to controller.
[INFO] [1791399900.513753222] [go2_follow_mppi.local_costmap.local_costmap]: StaticLayer: Resizing static layer to 121 X 121 at 0.100000 m/pix
[INFO] [1791399900.713862991] [go2_follow_mppi.local_costmap.local_costmap]: StaticLayer: Resizing static layer to 121 X 121 at 0.100000 m/pix
[INFO] [1791399900.905748106] [go2_follow_mppi.controller_server]: Passing new path to controller.
[INFO] [1791399900.914129803] [go2_follow_mppi.local_costmap.local_costmap]: StaticLayer: Resizing static layer to 121 X 121 at 0.100000 m/pix
[INFO] [1791399901.015134593] [go2_follow_mppi.local_costmap.local_costmap]: StaticLayer: Resizing static layer to 121 X 121 at 0.100000 m/pix
[INFO] [1791399901.214465063] [go2_follow_mppi.local_costmap.local_costmap]: StaticLayer: Resizing static layer to 121 X 121 at 0.100000 m/pix
[INFO] [1791399901.306787252] [go2_follow_mppi.controller_server]: Passing new path to controller.
[INFO] [1791399901.413777500] [go2_follow_mppi.local_costmap.local_costmap]: StaticLayer: Resizing static layer to 121 X 121 at 0.100000 m/pix
[INFO] [1791399901.514790029] [go2_follow_mppi.local_costmap.local_costmap]: StaticLayer: Resizing static layer to 121 X 121 at 0.100000 m/pix
[INFO] [1791399901.707106379] [go2_follow_mppi.controller_server]: Passing new path to controller.
[INFO] [1791399901.714454589] [go2_follow_mppi.local_costmap.local_costmap]: StaticLayer: Resizing static layer to 121 X 121 at 0.100000 m/pix
[INFO] [1791399902.013776220] [go2_follow_mppi.local_costmap.local_costmap]: StaticLayer: Resizing static layer to 121 X 121 at 0.100000 m/pix
[INFO] [1791399902.106101981] [go2_follow_mppi.controller_server]: Passing new path to controller.
[INFO] [1791399902.414106871] [go2_follow_mppi.local_costmap.local_costmap]: StaticLayer: Resizing static layer to 121 X 121 at 0.100000 m/pix
[INFO] [1791399902.513766096] [go2_follow_mppi.local_costmap.local_costmap]: StaticLayer: Resizing static layer to 121 X 121 at 0.100000 m/pix
[INFO] [1791399902.538537725] [go2_follow_mppi.controller_server]: Passing new path to controller.
[INFO] [1791399902.713775866] [go2_follow_mppi.local_costmap.local_costmap]: StaticLayer: Resizing static layer to 121 X 121 at 0.100000 m/pix
[INFO] [1791399902.918820822] [go2_follow_mppi.local_costmap.local_costmap]: StaticLayer: Resizing static layer to 121 X 121 at 0.100000 m/pix
[INFO] [1791399903.005316562] [go2_follow_mppi.controller_server]: Passing new path to controller.
[INFO] [1791399903.013784019] [go2_follow_mppi.local_costmap.local_costmap]: StaticLayer: Resizing static layer to 121 X 121 at 0.100000 m/pix
[INFO] [1791399903.213735809] [go2_follow_mppi.local_costmap.local_costmap]: StaticLayer: Resizing static layer to 121 X 121 at 0.100000 m/pix
[INFO] [1791399903.338555199] [go2_follow_mppi.controller_server]: Passing new path to controller.
[INFO] [1791399903.414442997] [go2_follow_mppi.local_costmap.local_costmap]: StaticLayer: Resizing static layer to 121 X 121 at 0.100000 m/pix
[INFO] [1791399903.514489032] [go2_follow_mppi.local_costmap.local_costmap]: StaticLayer: Resizing static layer to 121 X 121 at 0.100000 m/pix
[INFO] [1791399903.715798904] [go2_follow_mppi.local_costmap.local_costmap]: StaticLayer: Resizing static layer to 121 X 121 at 0.100000 m/pix
[INFO] [1791399903.738575367] [go2_follow_mppi.controller_server]: Passing new path to controller.
[INFO] [1791399903.813776934] [go2_follow_mppi.local_costmap.local_costmap]: StaticLayer: Resizing static layer to 121 X 121 at 0.100000 m/pix
[INFO] [1791399904.013782991] [go2_follow_mppi.local_costmap.local_costmap]: StaticLayer: Resizing static layer to 121 X 121 at 0.100000 m/pix
[INFO] [1791399904.138558021] [go2_follow_mppi.controller_server]: Passing new path to controller.
[INFO] [1791399904.215133029] [go2_follow_mppi.local_costmap.local_costmap]: StaticLayer: Resizing static layer to 121 X 121 at 0.100000 m/pix
[INFO] [1791399904.313753771] [go2_follow_mppi.local_costmap.local_costmap]: StaticLayer: Resizing static layer to 121 X 121 at 0.100000 m/pix
[INFO] [1791399904.513756689] [go2_follow_mppi.local_costmap.local_costmap]: StaticLayer: Resizing static layer to 121 X 121 at 0.100000 m/pix
[INFO] [1791399904.538443161] [go2_follow_mppi.controller_server]: Passing new path to controller.
[INFO] [1791399904.617135224] [go2_follow_mppi.local_costmap.local_costmap]: StaticLayer: Resizing static layer to 121 X 121 at 0.100000 m/pix
[INFO] [1791399903.152106377] [go2_follow_mppi.controller_server]: Passing new path to controller.
[INFO] [1791399903.227454028] [go2_follow_mppi.local_costmap.local_costmap]: StaticLayer: Resizing static layer to 121 X 121 at 0.100000 m/pix
[INFO] [1791399903.427437642] [go2_follow_mppi.local_costmap.local_costmap]: StaticLayer: Resizing static layer to 121 X 121 at 0.100000 m/pix
[INFO] [1791399903.527427933] [go2_follow_mppi.local_costmap.local_costmap]: StaticLayer: Resizing static layer to 121 X 121 at 0.100000 m/pix
[INFO] [1791399903.552114800] [go2_follow_mppi.controller_server]: Passing new path to controller.
[INFO] [1791399903.727409148] [go2_follow_mppi.local_costmap.local_costmap]: StaticLayer: Resizing static layer to 121 X 121 at 0.100000 m/pix
[INFO] [1791399903.827424366] [go2_follow_mppi.local_costmap.local_costmap]: StaticLayer: Resizing static layer to 121 X 121 at 0.100000 m/pix
[INFO] [1791399903.952140340] [go2_follow_mppi.controller_server]: Passing new path to controller.
[INFO] [1791399904.027412571] [go2_follow_mppi.local_costmap.local_costmap]: StaticLayer: Resizing static layer to 121 X 121 at 0.100000 m/pix
[INFO] [1791399904.327423052] [go2_follow_mppi.local_costmap.local_costmap]: StaticLayer: Resizing static layer to 121 X 121 at 0.100000 m/pix
[INFO] [1791399904.352187069] [go2_follow_mppi.controller_server]: Passing new path to controller.
[INFO] [1791399904.818797221] [go2_follow_mppi.controller_server]: Passing new path to controller.
[INFO] [1791399905.027497455] [go2_follow_mppi.local_costmap.local_costmap]: StaticLayer: Resizing static layer to 121 X 121 at 0.100000 m/pix
[INFO] [1791399905.252111124] [go2_follow_mppi.controller_server]: Passing new path to controller.
[INFO] [1791399905.327432857] [go2_follow_mppi.local_costmap.local_costmap]: StaticLayer: Resizing static layer to 121 X 121 at 0.100000 m/pix
[INFO] [1791399905.628943589] [go2_follow_mppi.local_costmap.local_costmap]: StaticLayer: Resizing static layer to 121 X 121 at 0.100000 m/pix
[INFO] [1791399905.685443071] [go2_follow_mppi.controller_server]: Passing new path to controller.
[INFO] [1791399905.827450353] [go2_follow_mppi.local_costmap.local_costmap]: StaticLayer: Resizing static layer to 121 X 121 at 0.100000 m/pix
[INFO] [1791399906.052122254] [go2_follow_mppi.controller_server]: Passing new path to controller.
[INFO] [1791399906.127440094] [go2_follow_mppi.local_costmap.local_costmap]: StaticLayer: Resizing static layer to 121 X 121 at 0.100000 m/pix
[INFO] [1791399906.327477758] [go2_follow_mppi.local_costmap.local_costmap]: StaticLayer: Resizing static layer to 121 X 121 at 0.100000 m/pix
[INFO] [1791399906.485434753] [go2_follow_mppi.controller_server]: Passing new path to controller.
[INFO] [1791399906.727432476] [go2_follow_mppi.local_costmap.local_costmap]: StaticLayer: Resizing static layer to 121 X 121 at 0.100000 m/pix
[INFO] [1791399906.827429603] [go2_follow_mppi.local_costmap.local_costmap]: StaticLayer: Resizing static layer to 121 X 121 at 0.100000 m/pix
[INFO] [1791399906.887649193] [go2_follow_mppi.controller_server]: Passing new path to controller.
[INFO] [1791399907.318916947] [go2_follow_mppi.controller_server]: Passing new path to controller.
[INFO] [1791399907.328125220] [go2_follow_mppi.local_costmap.local_costmap]: StaticLayer: Resizing static layer to 121 X 121 at 0.100000 m/pix
[INFO] [1791399907.718845316] [go2_follow_mppi.controller_server]: Passing new path to controller.
[INFO] [1791399907.928132592] [go2_follow_mppi.local_costmap.local_costmap]: StaticLayer: Resizing static layer to 121 X 121 at 0.100000 m/pix
[INFO] [1791399908.119077096] [go2_follow_mppi.controller_server]: Passing new path to controller.
[INFO] [1791399908.227502740] [go2_follow_mppi.local_costmap.local_costmap]: StaticLayer: Resizing static layer to 121 X 121 at 0.100000 m/pix
[INFO] [1791399908.555165181] [go2_follow_mppi.controller_server]: Passing new path to controller.
[INFO] [1791399908.627452245] [go2_follow_mppi.local_costmap.local_costmap]: StaticLayer: Resizing static layer to 121 X 121 at 0.100000 m/pix
[INFO] [1791399908.828139569] [go2_follow_mppi.local_costmap.local_costmap]: StaticLayer: Resizing static layer to 121 X 121 at 0.100000 m/pix
[INFO] [1791399908.885650500] [go2_follow_mppi.controller_server]: Passing new path to controller.
[INFO] [1791399909.127474033] [go2_follow_mppi.local_costmap.local_costmap]: StaticLayer: Resizing static layer to 121 X 121 at 0.100000 m/pix
[INFO] [1791399909.328119518] [go2_follow_mppi.local_costmap.local_costmap]: StaticLayer: Resizing static layer to 121 X 121 at 0.100000 m/pix
[INFO] [1791399909.352205836] [go2_follow_mppi.controller_server]: Passing new path to controller.
[INFO] [1791399909.427456383] [go2_follow_mppi.local_costmap.local_costmap]: StaticLayer: Resizing static layer to 121 X 121 at 0.100000 m/pix
[INFO] [1791399909.727464802] [go2_follow_mppi.local_costmap.local_costmap]: StaticLayer: Resizing static layer to 121 X 121 at 0.100000 m/pix
[INFO] [1791399909.753888895] [go2_follow_mppi.controller_server]: Passing new path to controller.
[INFO] [1791399909.827790609] [go2_follow_mppi.local_costmap.local_costmap]: StaticLayer: Resizing static layer to 121 X 121 at 0.100000 m/pix
[INFO] [1791399910.028132685] [go2_follow_mppi.local_costmap.local_costmap]: StaticLayer: Resizing static layer to 121 X 121 at 0.100000 m/pix
[INFO] [1791399910.129777467] [go2_follow_mppi.local_costmap.local_costmap]: StaticLayer: Resizing static layer to 121 X 121 at 0.100000 m/pix
[INFO] [1791399910.219127262] [go2_follow_mppi.controller_server]: Passing new path to controller.
[INFO] [1791399910.327469906] [go2_follow_mppi.local_costmap.local_costmap]: StaticLayer: Resizing static layer to 121 X 121 at 0.100000 m/pix
[INFO] [1791399910.427482564] [go2_follow_mppi.local_costmap.local_costmap]: StaticLayer: Resizing static layer to 121 X 121 at 0.100000 m/pix
[INFO] [1791399910.585703592] [go2_follow_mppi.controller_server]: Passing new path to controller.
[INFO] [1791399910.629017256] [go2_follow_mppi.local_costmap.local_costmap]: StaticLayer: Resizing static layer to 121 X 121 at 0.100000 m/pix
[INFO] [1791399910.830913571] [go2_follow_mppi.local_costmap.local_costmap]: StaticLayer: Resizing static layer to 121 X 121 at 0.100000 m/pix
[INFO] [1791399910.930522719] [go2_follow_mppi.local_costmap.local_costmap]: StaticLayer: Resizing static layer to 121 X 121 at 0.100000 m/pix
[INFO] [1791399910.953875087] [go2_follow_mppi.controller_server]: Passing new path to controller.
[INFO] [1791399911.133737395] [go2_follow_mppi.local_costmap.local_costmap]: StaticLayer: Resizing static layer to 121 X 121 at 0.100000 m/pix
[INFO] [1791399911.336002820] [go2_follow_mppi.local_costmap.local_costmap]: StaticLayer: Resizing static layer to 121 X 121 at 0.100000 m/pix
[INFO] [1791399911.486680416] [go2_follow_mppi.controller_server]: Passing new path to controller.
[INFO] [1791399911.537672062] [go2_follow_mppi.local_costmap.local_costmap]: StaticLayer: Resizing static layer to 121 X 121 at 0.100000 m/pix
[INFO] [1791399911.641879270] [go2_follow_mppi.local_costmap.local_costmap]: StaticLayer: Resizing static layer to 121 X 121 at 0.100000 m/pix
[INFO] [1791399911.838379577] [go2_follow_mppi.local_costmap.local_costmap]: StaticLayer: Resizing static layer to 121 X 121 at 0.100000 m/pix
[INFO] [1791399911.853232848] [go2_follow_mppi.controller_server]: Passing new path to controller.
[INFO] [1791399912.040502077] [go2_follow_mppi.local_costmap.local_costmap]: StaticLayer: Resizing static layer to 121 X 121 at 0.100000 m/pix
[INFO] [1791399912.242177838] [go2_follow_mppi.local_costmap.local_costmap]: StaticLayer: Resizing static layer to 121 X 121 at 0.100000 m/pix
[INFO] [1791399912.285676776] [go2_follow_mppi.controller_server]: Passing new path to controller.
[INFO] [1791399912.443269134] [go2_follow_mppi.local_costmap.local_costmap]: StaticLayer: Resizing static layer to 121 X 121 at 0.100000 m/pix
[INFO] [1791399912.544449226] [go2_follow_mppi.local_costmap.local_costmap]: StaticLayer: Resizing static layer to 121 X 121 at 0.100000 m/pix
[INFO] [1791399912.685978585] [go2_follow_mppi.controller_server]: Passing new path to controller.
[INFO] [1791399912.736366081] [go2_follow_mppi.local_costmap.local_costmap]: StaticLayer: Resizing static layer to 121 X 121 at 0.100000 m/pix
[INFO] [1791399912.841640615] [go2_follow_mppi.local_costmap.local_costmap]: StaticLayer: Resizing static layer to 121 X 121 at 0.100000 m/pix
[INFO] [1791399913.031036144] [go2_follow_mppi.local_costmap.local_costmap]: StaticLayer: Resizing static layer to 121 X 121 at 0.100000 m/pix
[INFO] [1791399913.085450199] [go2_follow_mppi.controller_server]: Passing new path to controller.
[INFO] [1791399913.130556677] [go2_follow_mppi.local_costmap.local_costmap]: StaticLayer: Resizing static layer to 121 X 121 at 0.100000 m/pix
[INFO] [1791399913.327431989] [go2_follow_mppi.local_costmap.local_costmap]: StaticLayer: Resizing static layer to 121 X 121 at 0.100000 m/pix
[INFO] [1791399913.485477937] [go2_follow_mppi.controller_server]: Passing new path to controller.
[INFO] [1791399913.527428610] [go2_follow_mppi.local_costmap.local_costmap]: StaticLayer: Resizing static layer to 121 X 121 at 0.100000 m/pix
[INFO] [1791399913.627446774] [go2_follow_mppi.local_costmap.local_costmap]: StaticLayer: Resizing static layer to 121 X 121 at 0.100000 m/pix
[INFO] [1791399913.827406433] [go2_follow_mppi.local_costmap.local_costmap]: StaticLayer: Resizing static layer to 121 X 121 at 0.100000 m/pix
[INFO] [1791399913.885474950] [go2_follow_mppi.controller_server]: Passing new path to controller.
[INFO] [1791399914.027417215] [go2_follow_mppi.local_costmap.local_costmap]: StaticLayer: Resizing static layer to 121 X 121 at 0.100000 m/pix
[INFO] [1791399914.127529397] [go2_follow_mppi.local_costmap.local_costmap]: StaticLayer: Resizing static layer to 121 X 121 at 0.100000 m/pix
[INFO] [1791399914.285464951] [go2_follow_mppi.controller_server]: Passing new path to controller.
[INFO] [1791399914.327420784] [go2_follow_mppi.local_costmap.local_costmap]: StaticLayer: Resizing static layer to 121 X 121 at 0.100000 m/pix
[INFO] [1791399914.527430961] [go2_follow_mppi.local_costmap.local_costmap]: StaticLayer: Resizing static layer to 121 X 121 at 0.100000 m/pix
[INFO] [1791399914.627425839] [go2_follow_mppi.local_costmap.local_costmap]: StaticLayer: Resizing static layer to 121 X 121 at 0.100000 m/pix
[INFO] [1791399914.652110673] [go2_follow_mppi.controller_server]: Passing new path to controller.
[INFO] [1791399914.718804067] [go2_follow_mppi.controller_server]: Goal was canceled. Stopping the robot.
[INFO] [1791399914.718867881] [go2_follow_mppi.controller_server]: [follow_path] [ActionServer] Client requested to cancel the goal. Cancelling.
[INFO] [1791399914.727423568] [go2_follow_mppi.local_costmap.local_costmap]: StaticLayer: Resizing static layer to 121 X 121 at 0.100000 m/pix
[INFO] [1791399914.929518903] [go2_follow_mppi.local_costmap.local_costmap]: StaticLayer: Resizing static layer to 121 X 121 at 0.100000 m/pix
[INFO] [1791399917.105897465] [go2_follow_mppi.controller_server]: Received a goal, begin computing control effort.
[INFO] [1791399917.106812423] [go2_follow_mppi.controller_server]: Optimizer reset
[INFO] [1791399917.541490858] [go2_follow_mppi.controller_server]: Passing new path to controller.
[INFO] [1791399917.828815286] [go2_follow_mppi.local_costmap.local_costmap]: StaticLayer: Resizing static layer to 121 X 121 at 0.100000 m/pix
[INFO] [1791399918.008006709] [go2_follow_mppi.controller_server]: Passing new path to controller.
[INFO] [1791399918.227539159] [go2_follow_mppi.local_costmap.local_costmap]: StaticLayer: Resizing static layer to 121 X 121 at 0.100000 m/pix
[INFO] [1791399918.427460669] [go2_follow_mppi.local_costmap.local_costmap]: StaticLayer: Resizing static layer to 121 X 121 at 0.100000 m/pix
[INFO] [1791399918.440451389] [go2_follow_mppi.controller_server]: Passing new path to controller.
[INFO] [1791399918.532311448] [go2_follow_mppi.local_costmap.local_costmap]: StaticLayer: Resizing static layer to 121 X 121 at 0.100000 m/pix
[INFO] [1791399918.539785931] [go2_follow_mppi.controller_server]: Goal was canceled. Stopping the robot.
[INFO] [1791399918.539834548] [go2_follow_mppi.controller_server]: [follow_path] [ActionServer] Client requested to cancel the goal. Cancelling.
[INFO] [1791399918.827469798] [go2_follow_mppi.local_costmap.local_costmap]: StaticLayer: Resizing static layer to 121 X 121 at 0.100000 m/pix
[INFO] [1791399918.927749419] [go2_follow_mppi.local_costmap.local_costmap]: StaticLayer: Resizing static layer to 121 X 121 at 0.100000 m/pix
[INFO] [1791399919.228163547] [go2_follow_mppi.local_costmap.local_costmap]: StaticLayer: Resizing static layer to 121 X 121 at 0.100000 m/pix
[INFO] [1791399920.441973856] [rclcpp]: signal_handler(SIGINT/SIGTERM)
[INFO] [1791399920.442074031] [go2_follow_mppi.controller_server]: Running Nav2 LifecycleNode rcl preshutdown (controller_server)
[INFO] [1791399920.442138321] [go2_follow_mppi.controller_server]: Deactivating
[INFO] [1791399920.442162483] [MPPIController]: Deactivated MPPI Controller: Observe
[INFO] [1791399920.442167216] [MPPIController]: Deactivated MPPI Controller: FollowPath
[INFO] [1791399920.442178927] [go2_follow_mppi.local_costmap.local_costmap]: Deactivating
[INFO] [1791399920.532255343] [go2_follow_mppi.controller_server]: Destroying bond (controller_server) to lifecycle manager.
[INFO] [1791399920.543107759] [go2_follow_mppi.controller_server]: Cleaning up
[INFO] [1791399920.543187040] [MPPIController]: Cleaned up MPPI Controller: Observe
[INFO] [1791399920.543215500] [MPPIController]: Cleaned up MPPI Controller: FollowPath
[INFO] [1791399920.543478273] [go2_follow_mppi.local_costmap.local_costmap]: Cleaning up
[INFO] [1791399920.567268647] [go2_follow_mppi.controller_server]: Destroying bond (controller_server) to lifecycle manager.
[INFO] [1791399920.584180681] [go2_follow_mppi.local_costmap.local_costmap]: Destroying
[INFO] [1791399920.612068876] [go2_follow_mppi.controller_server]: Destroying
